Date,YTM
01/29/1997,5.75
01/30/1997,5.72
01/31/1997,5.71
02/03/1997,5.7
02/04/1997,5.72
02/05/1997,5.85
02/06/1997,5.83
02/07/1997,5.88
02/10/1997,5.89
02/11/1997,5.91
02/12/1997,5.91
02/13/1997,5.93
02/14/1997,5.93
02/17/1997,5.95
02/18/1997,5.96
02/19/1997,6
02/20/1997,6
02/21/1997,6.01
02/24/1997,6.01
02/25/1997,6.01
02/26/1997,6.01
02/27/1997,6.02
02/28/1997,6.03
03/03/1997,6.02
03/04/1997,6.03
03/05/1997,6.03
03/06/1997,6.03
03/07/1997,6.03
03/10/1997,6.02
03/11/1997,6.03
03/12/1997,6.03
03/13/1997,6.04
03/14/1997,6.04
03/17/1997,6.04
03/18/1997,6.05
03/19/1997,6.06
03/20/1997,6.08
03/21/1997,6.08
03/24/1997,6.08
03/25/1997,6.1
03/26/1997,6.09
03/27/1997,6.09
03/28/1997,6.09
03/31/1997,6.09
04/01/1997,6.09
04/02/1997,6.08
04/03/1997,6.08
04/04/1997,6.09
04/07/1997,6.0833
04/08/1997,6.085
04/09/1997,6.07
04/10/1997,6.07
04/11/1997,6.06
04/14/1997,6.04
04/15/1997,6.02
04/16/1997,6.01
04/17/1997,6.03
04/18/1997,6.03
04/21/1997,5.97
04/22/1997,5.97
04/23/1997,5.98
04/24/1997,5.98
04/25/1997,6.01
04/28/1997,6.02
04/29/1997,6.02
04/30/1997,6
05/01/1997,6.01
05/02/1997,6
05/05/1997,5.98
05/06/1997,6
05/07/1997,6.05
05/08/1997,6.03
05/09/1997,6.04
05/12/1997,6.03
05/13/1997,6.04
05/14/1997,6
05/15/1997,5.98
05/16/1997,5.98
05/19/1997,5.99
05/20/1997,5.99
05/21/1997,5.97
05/22/1997,5.53
05/23/1997,5.54
05/26/1997,5.53
05/27/1997,5.54
05/28/1997,5.54
05/29/1997,5.46
05/30/1997,5.44
06/02/1997,5.46
06/03/1997,5.42
06/04/1997,5.47
06/05/1997,5.44
06/06/1997,5.44
06/09/1997,5.42
06/10/1997,5.41
06/11/1997,5.26
06/12/1997,5.3
06/13/1997,5.29
06/16/1997,5.31
06/17/1997,5.27
06/18/1997,5.27
06/19/1997,5.26
06/20/1997,5.26
06/23/1997,5.27
06/24/1997,5.33
06/25/1997,5.36
06/26/1997,5.35
06/27/1997,5.35
06/30/1997,5.28
07/01/1997,5.36
07/02/1997,5.34
07/03/1997,5.33
07/04/1997,5.33
07/07/1997,5.28
07/08/1997,5.22
07/09/1997,5.13
07/10/1997,5.15
07/11/1997,5.15
07/14/1997,5.21
07/15/1997,5.24
07/16/1997,5.19
07/17/1997,5.24
07/18/1997,5.19
07/21/1997,5.19
07/22/1997,5.17
07/23/1997,5.08
07/24/1997,5.09
07/25/1997,5.12
07/28/1997,5.12
07/29/1997,4.95
07/30/1997,4.92
07/31/1997,4.92
08/01/1997,4.94
08/04/1997,4.92
08/05/1997,4.91
08/06/1997,4.9
08/07/1997,4.92
08/08/1997,4.95
08/11/1997,4.95
08/12/1997,4.93
08/13/1997,4.87
08/14/1997,4.83
08/15/1997,4.84
08/18/1997,4.85
08/19/1997,4.89
08/20/1997,4.89
08/21/1997,4.89
08/22/1997,4.92
08/25/1997,4.91
08/26/1997,4.89
08/27/1997,4.87
08/28/1997,4.84
08/29/1997,4.76
09/01/1997,4.76
09/02/1997,4.81
09/03/1997,4.91
09/04/1997,4.89
09/05/1997,4.9
09/08/1997,4.88
09/09/1997,4.88
09/10/1997,4.68
09/11/1997,4.7
09/12/1997,4.71
09/15/1997,4.72
09/16/1997,4.7
09/17/1997,4.72
09/18/1997,4.72
09/19/1997,4.72
09/22/1997,4.7
09/23/1997,4.71
09/24/1997,4.71
09/25/1997,4.77
09/26/1997,4.79
09/29/1997,4.78
09/30/1997,4.71
10/01/1997,4.71
10/02/1997,4.71
10/03/1997,4.71
10/06/1997,4.71
10/07/1997,4.79
10/08/1997,4.87
10/09/1997,4.91
10/10/1997,4.92
10/13/1997,4.9
10/14/1997,4.88
10/15/1997,4.89
10/16/1997,4.87
10/17/1997,4.83
10/20/1997,4.83
10/21/1997,4.87
10/22/1997,4.88
10/23/1997,4.88
10/24/1997,4.93
10/27/1997,4.83
10/28/1997,4.87
10/29/1997,4.85
10/30/1997,4.84
10/31/1997,4.85
11/03/1997,4.87
11/04/1997,4.89
11/05/1997,4.92
11/06/1997,4.91
11/07/1997,4.92
11/10/1997,4.93
11/11/1997,4.95
11/12/1997,4.96
11/13/1997,4.95
11/14/1997,4.96
11/17/1997,4.95
11/18/1997,4.94
11/19/1997,4.95
11/20/1997,4.96
11/21/1997,4.96
11/24/1997,4.97
11/25/1997,4.99
11/26/1997,5.02
11/27/1997,5.05
11/28/1997,5.08
12/01/1997,5.09
12/02/1997,5.09
12/03/1997,5.07
12/04/1997,5.07
12/05/1997,5.07
12/08/1997,5.06
12/09/1997,5.06
12/10/1997,5.06
12/11/1997,5.06
12/12/1997,5.05
12/15/1997,5.07
12/16/1997,5.08
12/17/1997,5.07
12/18/1997,5.07
12/19/1997,5.05
12/22/1997,5.05
12/23/1997,5.07
12/24/1997,5.07
12/25/1997,5.07
12/26/1997,5.05
12/29/1997,5.05
12/30/1997,5.05
12/31/1997,5.05
01/01/1998,5.05
01/02/1998,4.96
01/05/1998,4.93
01/06/1998,4.95
01/07/1998,4.96
01/08/1998,4.96
01/09/1998,4.94
01/12/1998,4.96
01/13/1998,4.97
01/14/1998,4.99
01/15/1998,5
01/16/1998,5.02
01/19/1998,5
01/20/1998,4.97
01/21/1998,4.98
01/22/1998,5
01/23/1998,5
01/26/1998,5.03
01/27/1998,5.04
01/28/1998,5.04
01/29/1998,5.02
01/30/1998,5.01
02/02/1998,5.01
02/03/1998,5
02/04/1998,4.99
02/05/1998,4.98
02/06/1998,4.98
02/09/1998,4.95
02/10/1998,4.94
02/11/1998,4.95
02/12/1998,4.94
02/13/1998,4.94
02/16/1998,4.95
02/17/1998,4.97
02/18/1998,4.97
02/19/1998,4.97
02/20/1998,4.96
02/23/1998,4.97
02/24/1998,4.99
02/25/1998,4.99
02/26/1998,5.01
02/27/1998,4.99
03/02/1998,5.01
03/03/1998,4.98
03/04/1998,4.96
03/05/1998,4.97
03/06/1998,4.96
03/09/1998,4.95
03/10/1998,4.95
03/11/1998,4.93
03/12/1998,4.93
03/13/1998,4.94
03/16/1998,4.94
03/17/1998,4.94
03/18/1998,4.95
03/19/1998,4.95
03/20/1998,4.96
03/23/1998,4.96
03/24/1998,4.97
03/25/1998,4.98
03/26/1998,4.99
03/27/1998,4.97
03/30/1998,4.96
03/31/1998,4.93
04/01/1998,4.93
04/02/1998,4.91
04/03/1998,4.93
04/06/1998,4.86
04/07/1998,4.86
04/08/1998,4.86
04/09/1998,4.86
04/10/1998,4.86
04/13/1998,4.9
04/14/1998,4.92
04/15/1998,4.91
04/16/1998,4.9
04/17/1998,4.95
04/20/1998,4.94
04/21/1998,4.93
04/22/1998,4.91
04/23/1998,4.94
04/24/1998,4.9
04/27/1998,4.92
04/28/1998,4.96
04/29/1998,4.97
04/30/1998,4.93
05/01/1998,4.94
05/04/1998,4.96
05/05/1998,4.96
05/06/1998,4.94
05/07/1998,4.94
05/08/1998,4.95
05/11/1998,4.95
05/12/1998,4.96
05/13/1998,4.99
05/14/1998,4.99
05/15/1998,5
05/18/1998,4.99
05/19/1998,4.99
05/20/1998,4.97
05/21/1998,4.98
05/22/1998,4.98
05/25/1998,4.99
05/26/1998,4.97
05/27/1998,4.95
05/28/1998,4.93
05/29/1998,4.9
06/01/1998,4.94
06/02/1998,4.94
06/03/1998,4.99
06/04/1998,5.11
06/05/1998,5.11
06/08/1998,5.6
06/09/1998,5.77
06/10/1998,5.51
06/11/1998,5.53
06/12/1998,5.62
06/15/1998,5.6
06/16/1998,5.46
06/17/1998,5.24
06/18/1998,5.26
06/19/1998,5.34
06/22/1998,5.39
06/23/1998,5.49
06/24/1998,5.36
06/25/1998,5.28
06/26/1998,5.28
06/29/1998,5.2
06/30/1998,5.18
07/01/1998,5.22
07/02/1998,5.22
07/03/1998,5.21
07/06/1998,5.18
07/07/1998,5.17
07/08/1998,5.24
07/09/1998,5.25
07/10/1998,5.26
07/13/1998,5.19
07/14/1998,5.16
07/15/1998,5.11
07/16/1998,5.1
07/17/1998,5.12
07/20/1998,5.12
07/21/1998,5.14
07/22/1998,5.16
07/23/1998,5.14
07/24/1998,5.16
07/27/1998,5.16
07/28/1998,5.15
07/29/1998,5.15
07/30/1998,5.11
07/31/1998,5.12
08/03/1998,5.09
08/04/1998,5.03
08/05/1998,5.03
08/06/1998,5.1
08/07/1998,5.16
08/10/1998,5.2
08/11/1998,5.14
08/12/1998,5.14
08/13/1998,5.14
08/14/1998,5.13
08/17/1998,5.14
08/18/1998,5.12
08/19/1998,5.12
08/20/1998,5.14
08/21/1998,5.16
08/24/1998,5.22
08/25/1998,5.25
08/26/1998,5.45
08/27/1998,5.61
08/28/1998,5.44
08/31/1998,5.24
09/01/1998,5.2
09/02/1998,5.22
09/03/1998,5.22
09/04/1998,5.11
09/07/1998,5.12
09/08/1998,5.12
09/09/1998,5.02
09/10/1998,4.92
09/11/1998,4.99
09/14/1998,4.99
09/15/1998,4.93
09/16/1998,4.99
09/17/1998,4.97
09/18/1998,4.98
09/21/1998,5
09/22/1998,4.98
09/23/1998,4.89
09/24/1998,4.915
09/25/1998,4.9
09/28/1998,4.93
09/29/1998,4.95
09/30/1998,4.87
10/01/1998,4.85
10/02/1998,4.85
10/05/1998,4.87
10/06/1998,4.93
10/07/1998,4.9
10/08/1998,4.9
10/09/1998,4.9
10/12/1998,4.89
10/13/1998,4.87
10/14/1998,4.89
10/15/1998,4.69
10/16/1998,4.71
10/19/1998,4.75
10/20/1998,4.79
10/21/1998,4.82
10/22/1998,4.83
10/23/1998,4.84
10/26/1998,4.8
10/27/1998,4.73
10/28/1998,4.79
10/29/1998,4.77
10/30/1998,4.76
11/02/1998,4.77
11/03/1998,4.84
11/04/1998,4.88
11/05/1998,4.89
11/06/1998,4.93
11/09/1998,4.9
11/10/1998,4.91
11/11/1998,4.94
11/12/1998,4.92
11/13/1998,4.93
11/16/1998,4.89
11/17/1998,4.87
11/18/1998,4.83
11/19/1998,4.88
11/20/1998,4.92
11/23/1998,4.92
11/24/1998,4.91
11/25/1998,4.92
11/26/1998,4.87
11/27/1998,4.86
11/30/1998,4.85
12/01/1998,4.74
12/02/1998,4.74
12/03/1998,4.74
12/04/1998,4.76
12/07/1998,4.78
12/08/1998,4.78
12/09/1998,4.78
12/10/1998,4.81
12/11/1998,4.82
12/14/1998,4.84
12/15/1998,4.82
12/16/1998,4.79
12/17/1998,4.82
12/18/1998,4.84
12/21/1998,4.85
12/22/1998,4.82
12/23/1998,4.84
12/24/1998,4.84
12/25/1998,4.84
12/28/1998,4.84
12/29/1998,4.84
12/30/1998,4.78
12/31/1998,4.78
01/01/1999,4.75
01/04/1999,4.75
01/05/1999,4.76
01/06/1999,4.73
01/07/1999,4.75
01/08/1999,4.81
01/11/1999,4.84
01/12/1999,4.81
01/13/1999,4.84
01/14/1999,4.8
01/15/1999,4.81
01/18/1999,4.81
01/19/1999,4.83
01/20/1999,4.83
01/21/1999,4.79
01/22/1999,4.79
01/25/1999,4.79
01/26/1999,4.81
01/27/1999,4.78
01/28/1999,4.73
01/29/1999,4.72
02/01/1999,4.72
02/02/1999,4.76
02/03/1999,4.75
02/04/1999,4.76
02/05/1999,4.76
02/08/1999,4.75
02/09/1999,4.75
02/10/1999,4.77
02/11/1999,4.76
02/12/1999,4.8
02/15/1999,4.77
02/16/1999,4.78
02/17/1999,4.77
02/18/1999,4.78
02/19/1999,4.78
02/22/1999,4.78
02/23/1999,4.79
02/24/1999,4.81
02/25/1999,4.83
02/26/1999,4.81
03/01/1999,4.82
03/02/1999,4.81
03/03/1999,4.83
03/04/1999,4.85
03/05/1999,4.84
03/08/1999,4.84
03/09/1999,4.82
03/10/1999,4.81
03/11/1999,4.8
03/12/1999,4.8
03/15/1999,4.79
03/16/1999,4.81
03/17/1999,4.81
03/18/1999,4.81
03/19/1999,4.81
03/22/1999,4.81
03/23/1999,4.8
03/24/1999,4.79
03/25/1999,4.81
03/26/1999,4.81
03/29/1999,4.84
03/30/1999,4.805
03/31/1999,4.78
04/01/1999,4.78
04/02/1999,4.78
04/05/1999,4.75
04/06/1999,4.76
04/07/1999,4.77
04/08/1999,4.75
04/09/1999,4.73
04/12/1999,4.74
04/13/1999,4.76
04/14/1999,4.75
04/15/1999,4.75
04/16/1999,4.76
04/19/1999,4.77
04/20/1999,4.76
04/21/1999,4.77
04/22/1999,4.77
04/23/1999,4.77
04/26/1999,4.745
04/27/1999,4.78
04/28/1999,4.8
04/29/1999,4.81
04/30/1999,4.84
05/03/1999,4.83
05/04/1999,4.84
05/05/1999,4.84
05/06/1999,4.85
05/07/1999,4.85
05/10/1999,4.84
05/11/1999,4.85
05/12/1999,4.83
05/13/1999,4.83
05/14/1999,4.9
05/17/1999,4.89
05/18/1999,4.87
05/19/1999,4.88
05/20/1999,4.87
05/21/1999,4.87
05/24/1999,4.87
05/25/1999,4.87
05/26/1999,4.88
05/27/1999,4.87
05/28/1999,4.9
05/31/1999,4.9
06/01/1999,4.95
06/02/1999,4.96
06/03/1999,4.96
06/04/1999,4.93
06/07/1999,4.92
06/08/1999,4.92
06/09/1999,4.93
06/10/1999,4.93
06/11/1999,4.93
06/14/1999,4.92
06/15/1999,4.93
06/16/1999,4.87
06/17/1999,4.88
06/18/1999,4.88
06/21/1999,4.92
06/22/1999,4.97
06/23/1999,5
06/24/1999,4.98
06/25/1999,4.98
06/28/1999,4.96
06/29/1999,4.92
06/30/1999,4.87
07/01/1999,4.89
07/02/1999,4.88
07/05/1999,4.89
07/06/1999,4.9
07/07/1999,4.94
07/08/1999,4.92
07/09/1999,4.92
07/12/1999,4.9
07/13/1999,4.91
07/14/1999,4.92
07/15/1999,4.91
07/16/1999,4.86
07/19/1999,4.88
07/20/1999,4.85
07/21/1999,4.87
07/22/1999,4.89
07/23/1999,4.89
07/26/1999,4.89
07/27/1999,4.87
07/28/1999,4.87
07/29/1999,4.9
07/30/1999,4.9
08/02/1999,4.91
08/03/1999,4.87
08/04/1999,4.86
08/05/1999,4.87
08/06/1999,4.94
08/09/1999,4.94
08/10/1999,4.92
08/11/1999,4.93
08/12/1999,4.93
08/13/1999,4.92
08/16/1999,4.92
08/17/1999,4.9
08/18/1999,4.92
08/19/1999,4.93
08/20/1999,4.94
08/23/1999,4.95
08/24/1999,4.94
08/25/1999,4.94
08/26/1999,4.95
08/27/1999,4.96
08/30/1999,4.96
08/31/1999,4.99
09/01/1999,4.99
09/02/1999,4.99
09/03/1999,4.97
09/06/1999,4.98
09/07/1999,4.98
09/08/1999,4.99
09/09/1999,5
09/10/1999,4.99
09/13/1999,5
09/14/1999,5.05
09/15/1999,5.03
09/16/1999,5.01
09/17/1999,5.01
09/20/1999,5.03
09/21/1999,5.04
09/22/1999,5.04
09/23/1999,4.99
09/24/1999,4.98
09/27/1999,5
09/28/1999,5.07
09/29/1999,5.07
09/30/1999,5.13
10/01/1999,5.13
10/04/1999,5.21
10/05/1999,5.21
10/06/1999,5.27
10/07/1999,5.26
10/08/1999,5.25
10/11/1999,5.27
10/12/1999,5.28
10/13/1999,5.3
10/14/1999,5.33
10/15/1999,5.35
10/18/1999,5.35
10/19/1999,5.36
10/20/1999,5.34
10/21/1999,5.36
10/22/1999,5.38
10/25/1999,5.41
10/26/1999,5.43
10/27/1999,5.33
10/28/1999,5.35
10/29/1999,5.4
11/01/1999,5.39
11/02/1999,5.36
11/03/1999,5.33
11/04/1999,5.35
11/05/1999,5.36
11/08/1999,5.39
11/09/1999,5.39
11/10/1999,5.41
11/11/1999,5.38
11/12/1999,5.4
11/15/1999,5.42
11/16/1999,5.44
11/17/1999,5.47
11/18/1999,5.46
11/19/1999,5.49
11/22/1999,5.51
11/23/1999,5.51
11/24/1999,5.56
11/25/1999,5.57
11/26/1999,5.58
11/29/1999,5.57
11/30/1999,5.51
12/01/1999,5.5
12/02/1999,5.48
12/03/1999,5.44
12/06/1999,5.43
12/07/1999,5.41
12/08/1999,5.55
12/09/1999,5.61
12/10/1999,5.61
12/13/1999,5.64
12/14/1999,5.72
12/15/1999,5.75
12/16/1999,5.72
12/17/1999,5.74
12/20/1999,5.76
12/21/1999,5.84
12/22/1999,5.83
12/23/1999,5.86
12/24/1999,5.86
12/27/1999,5.86
12/28/1999,5.89
12/29/1999,5.84
12/30/1999,5.57
12/31/1999,5.57
01/03/2000,5.62
01/04/2000,5.58
01/05/2000,5.61
01/06/2000,5.62
01/07/2000,5.68
01/10/2000,5.69
01/11/2000,5.69
01/12/2000,5.67
01/13/2000,5.63
01/14/2000,5.67
01/17/2000,5.67
01/18/2000,5.69
01/19/2000,5.67
01/20/2000,5.69
01/21/2000,5.73
01/24/2000,5.73
01/25/2000,5.73
01/26/2000,5.73
01/27/2000,5.61
01/28/2000,5.605
01/31/2000,5.67
02/01/2000,5.9
02/02/2000,5.86
02/03/2000,5.85
02/04/2000,5.84
02/07/2000,5.81
02/08/2000,5.78
02/09/2000,5.76
02/10/2000,5.78
02/11/2000,5.81
02/14/2000,5.78
02/15/2000,5.82
02/16/2000,5.81
02/17/2000,5.81
02/18/2000,5.79
02/21/2000,5.78
02/22/2000,5.8
02/23/2000,5.79
02/24/2000,5.77
02/25/2000,5.81
02/28/2000,5.82
02/29/2000,5.8
03/01/2000,5.79
03/02/2000,5.79
03/03/2000,5.83
03/06/2000,5.86
03/07/2000,5.84
03/08/2000,5.87
03/09/2000,5.87
03/10/2000,5.87
03/13/2000,5.84
03/14/2000,5.795
03/15/2000,5.81
03/16/2000,5.83
03/17/2000,5.87
03/20/2000,5.865
03/21/2000,5.87
03/22/2000,5.93
03/23/2000,6
03/24/2000,6.04
03/27/2000,6.03
03/28/2000,6.05
03/29/2000,6.05
03/30/2000,5.97
03/31/2000,6.02
04/03/2000,6.05
04/04/2000,6.05
04/05/2000,6.04
04/06/2000,6.06
04/07/2000,6.05
04/10/2000,6.04
04/11/2000,6.02
04/12/2000,6.01
04/13/2000,5.99
04/14/2000,5.93
04/17/2000,5.97
04/18/2000,5.99
04/19/2000,6
04/20/2000,6
04/21/2000,6
04/24/2000,6
04/25/2000,6.12
04/26/2000,6.18
04/27/2000,6.24
04/28/2000,6.3
05/01/2000,6.29
05/02/2000,6.29
05/03/2000,6.28
05/04/2000,6.27
05/05/2000,6.28
05/08/2000,6.3
05/09/2000,6.29
05/10/2000,6.27
05/11/2000,6.29
05/12/2000,6.34
05/15/2000,6.37
05/16/2000,6.4
05/17/2000,6.41
05/18/2000,6.4
05/19/2000,6.37
05/22/2000,6.32
05/23/2000,6.33
05/24/2000,6.34
05/25/2000,6.31
05/26/2000,6.26
05/29/2000,6.23
05/30/2000,6.25
05/31/2000,6.23
06/01/2000,6.21
06/02/2000,6.21
06/05/2000,6.2
06/06/2000,6.18
06/07/2000,6.21
06/08/2000,6.21
06/09/2000,6.21
06/12/2000,6.19
06/13/2000,6.24
06/14/2000,6.23
06/15/2000,6.22
06/16/2000,6.22
06/19/2000,6.24
06/20/2000,6.28
06/21/2000,6.27
06/22/2000,6.27
06/23/2000,6.27
06/26/2000,6.27
06/27/2000,6.27
06/28/2000,6.22
06/29/2000,6.17
06/30/2000,6.2
07/03/2000,6.18
07/04/2000,6.18
07/05/2000,6.18
07/06/2000,6.18
07/07/2000,6.16
07/10/2000,6.16
07/11/2000,6.16
07/12/2000,6.17
07/13/2000,6.16
07/14/2000,6.18
07/17/2000,6.19
07/18/2000,6.21
07/19/2000,6.21
07/20/2000,6.18
07/21/2000,6.18
07/24/2000,6.19
07/25/2000,6.2
07/26/2000,6.25
07/27/2000,6.3
07/28/2000,6.33
07/31/2000,6.34
08/01/2000,6.44
08/02/2000,6.44
08/03/2000,6.44
08/04/2000,6.44
08/07/2000,6.42
08/08/2000,6.39
08/09/2000,6.45
08/10/2000,6.44
08/11/2000,6.49
08/14/2000,6.48
08/15/2000,6.49
08/16/2000,6.53
08/17/2000,6.54
08/18/2000,6.51
08/21/2000,6.52
08/22/2000,6.55
08/23/2000,6.53
08/24/2000,6.54
08/25/2000,6.55
08/28/2000,6.55
08/29/2000,6.57
08/30/2000,6.55
08/31/2000,6.49
09/01/2000,6.43
09/04/2000,6.47
09/05/2000,6.53
09/06/2000,6.53
09/07/2000,6.55
09/08/2000,6.55
09/11/2000,6.55
09/12/2000,6.53
09/13/2000,6.56
09/14/2000,6.56
09/15/2000,6.6
09/18/2000,6.61
09/19/2000,6.62
09/20/2000,6.63
09/21/2000,6.56
09/22/2000,6.64
09/25/2000,6.63
09/26/2000,6.66
09/27/2000,6.63
09/28/2000,6.59
09/29/2000,6.59
10/02/2000,6.5
10/03/2000,6.46
10/04/2000,6.43
10/05/2000,6.43
10/06/2000,6.41
10/09/2000,6.42
10/10/2000,6.43
10/11/2000,6.43
10/12/2000,6.39
10/13/2000,6.43
10/16/2000,6.44
10/17/2000,6.41
10/18/2000,6.42
10/19/2000,6.41
10/20/2000,6.39
10/23/2000,6.38
10/24/2000,6.34
10/25/2000,6.38
10/26/2000,6.39
10/27/2000,6.4
10/30/2000,6.42
10/31/2000,6.42
11/01/2000,6.39
11/02/2000,6.41
11/03/2000,6.41
11/06/2000,6.41
11/07/2000,6.35
11/08/2000,6.34
11/09/2000,6.33
11/10/2000,6.32
11/13/2000,6.3
11/14/2000,6.31
11/15/2000,6.32
11/16/2000,6.3
11/17/2000,6.3
11/20/2000,6.3
11/21/2000,6.31
11/22/2000,6.3
11/23/2000,6.3
11/24/2000,6.31
11/27/2000,6.31
11/28/2000,6.28
11/29/2000,6.27
11/30/2000,6.24
12/01/2000,6.24
12/04/2000,6.22
12/05/2000,6.2
12/06/2000,6.17
12/07/2000,6.2
12/08/2000,6.22
12/11/2000,6.23
12/12/2000,6.23
12/13/2000,6.22
12/14/2000,6.23
12/15/2000,6.16
12/18/2000,6.18
12/19/2000,6.17
12/20/2000,6.16
12/21/2000,6.18
12/22/2000,6.18
12/25/2000,6.18
12/26/2000,6.165
12/27/2000,6.165
12/28/2000,6.13
12/29/2000,6.13
01/01/2001,6.07
01/02/2001,6.03
01/03/2001,5.99
01/04/2001,5.89
01/05/2001,5.91
01/08/2001,5.9
01/09/2001,5.9
01/10/2001,5.93
01/11/2001,5.91
01/12/2001,5.95
01/15/2001,5.91
01/16/2001,5.94
01/17/2001,5.91
01/18/2001,5.9
01/19/2001,5.93
01/22/2001,5.94
01/23/2001,5.87
01/24/2001,5.83
01/25/2001,5.83
01/26/2001,5.8
01/29/2001,5.81
01/30/2001,5.77
01/31/2001,5.68
02/01/2001,5.63
02/02/2001,5.63
02/05/2001,5.64
02/06/2001,5.63
02/07/2001,5.62
02/08/2001,5.63
02/09/2001,5.58
02/12/2001,5.6
02/13/2001,5.64
02/14/2001,5.67
02/15/2001,5.58
02/16/2001,5.56
02/19/2001,5.56
02/20/2001,5.59
02/21/2001,5.56
02/22/2001,5.56
02/23/2001,5.5
02/26/2001,5.48
02/27/2001,5.47
02/28/2001,5.44
03/01/2001,5.44
03/02/2001,5.37
03/05/2001,5.34
03/06/2001,5.26
03/07/2001,5.2
03/08/2001,5.18
03/09/2001,5.18
03/12/2001,5.11
03/13/2001,5.08
03/14/2001,5.02
03/15/2001,4.95
03/16/2001,4.94
03/19/2001,4.98
03/20/2001,4.95
03/21/2001,4.97
03/22/2001,5.04
03/23/2001,5.08
03/26/2001,5.07
03/27/2001,5.17
03/28/2001,5.11
03/29/2001,5.09
03/30/2001,4.99
04/02/2001,4.96
04/03/2001,4.86
04/04/2001,4.91
04/05/2001,4.93
04/06/2001,4.9
04/09/2001,4.92
04/10/2001,4.94
04/11/2001,4.95
04/12/2001,4.95
04/13/2001,4.95
04/16/2001,4.93
04/17/2001,4.92
04/18/2001,4.66
04/19/2001,4.71
04/20/2001,4.71
04/23/2001,4.73
04/24/2001,4.73
04/25/2001,4.78
04/26/2001,4.77
04/27/2001,4.87
04/30/2001,4.83
05/01/2001,4.87
05/02/2001,4.86
05/03/2001,4.84
05/04/2001,4.81
05/07/2001,4.78
05/08/2001,4.76
05/09/2001,4.75
05/10/2001,4.84
05/11/2001,4.95
05/14/2001,4.93
05/15/2001,4.88
05/16/2001,4.89
05/17/2001,4.93
05/18/2001,4.98
05/21/2001,4.97
05/22/2001,4.96
05/23/2001,4.96
05/24/2001,4.95
05/25/2001,4.95
05/28/2001,4.95
05/29/2001,4.97
05/30/2001,4.96
05/31/2001,4.88
06/01/2001,4.87
06/04/2001,4.88
06/05/2001,4.99
06/06/2001,5
06/07/2001,5.03
06/08/2001,5.03
06/11/2001,5.01
06/12/2001,5.01
06/13/2001,5.04
06/14/2001,5.01
06/15/2001,4.96
06/18/2001,4.93
06/19/2001,4.96
06/20/2001,4.96
06/21/2001,4.96
06/22/2001,4.94
06/25/2001,4.93
06/26/2001,4.95
06/27/2001,4.99
06/28/2001,5.02
06/29/2001,5.01
07/02/2001,5.03
07/03/2001,5.05
07/04/2001,5.04
07/05/2001,5.03
07/06/2001,5.03
07/09/2001,5.04
07/10/2001,5.03
07/11/2001,5.04
07/12/2001,5.06
07/13/2001,5.06
07/16/2001,5.04
07/17/2001,5.04
07/18/2001,5
07/19/2001,5.01
07/20/2001,5.02
07/23/2001,5.02
07/24/2001,5.06
07/25/2001,5.07
07/26/2001,5.06
07/27/2001,5.06
07/30/2001,5.06
07/31/2001,5.04
08/01/2001,5.04
08/02/2001,5.04
08/03/2001,5.04
08/06/2001,5.01
08/07/2001,5.04
08/08/2001,4.93
08/09/2001,4.94
08/10/2001,4.97
08/13/2001,4.97
08/14/2001,5.01
08/15/2001,4.99
08/16/2001,4.97
08/17/2001,4.95
08/20/2001,4.95
08/21/2001,4.94
08/22/2001,4.94
08/23/2001,4.94
08/24/2001,4.86
08/27/2001,4.87
08/28/2001,4.82
08/29/2001,4.81
08/30/2001,4.8
08/31/2001,4.78
09/03/2001,4.79
09/04/2001,4.81
09/05/2001,4.8
09/06/2001,4.77
09/07/2001,4.69
09/10/2001,4.7
09/11/2001,4.43
09/12/2001,4.47
09/13/2001,4.49
09/14/2001,4.42
09/17/2001,4.41
09/18/2001,4.47
09/19/2001,4.44
09/20/2001,4.45
09/21/2001,4.47
09/24/2001,4.47
09/25/2001,4.45
09/26/2001,4.42
09/27/2001,4.36
09/28/2001,4.36
10/01/2001,4.3
10/02/2001,4.41
10/03/2001,4.41
10/04/2001,4.38
10/05/2001,4.35
10/08/2001,4.35
10/09/2001,4.38
10/10/2001,4.39
10/11/2001,4.42
10/12/2001,4.4
10/15/2001,4.37
10/16/2001,4.37
10/17/2001,4.35
10/18/2001,4.35
10/19/2001,4.36
10/22/2001,4.38
10/23/2001,4.35
10/24/2001,4.32
10/25/2001,4.32
10/26/2001,4.31
10/29/2001,4.28
10/30/2001,4.27
10/31/2001,4.27
11/01/2001,4.26
11/02/2001,4.2
11/05/2001,4.2
11/06/2001,4.2
11/07/2001,4.17
11/08/2001,4.17
11/09/2001,4.25
11/12/2001,4.25
11/13/2001,4.28
11/14/2001,4.35
11/15/2001,4.34
11/16/2001,4.32
11/19/2001,4.3
11/20/2001,4.32
11/21/2001,4.34
11/22/2001,4.36
11/23/2001,4.33
11/26/2001,4.33
11/27/2001,4.3
11/28/2001,4.28
11/29/2001,4.25
11/30/2001,4.18
12/03/2001,4.23
12/04/2001,4.25
12/05/2001,4.26
12/06/2001,4.25
12/07/2001,4.26
12/10/2001,4.24
12/11/2001,4.25
12/12/2001,4.24
12/13/2001,4.23
12/14/2001,4.23
12/17/2001,4.25
12/18/2001,4.23
12/19/2001,4.25
12/20/2001,4.26
12/21/2001,4.26
12/24/2001,4.26
12/25/2001,4.26
12/26/2001,4.27
12/27/2001,4.28
12/28/2001,4.25
12/31/2001,4.25
01/01/2002,4.23
01/02/2002,4.26
01/03/2002,4.26
01/04/2002,4.28
01/07/2002,4.26
01/08/2002,4.26
01/09/2002,4.26
01/10/2002,4.26
01/11/2002,4.21
01/14/2002,4.22
01/15/2002,4.21
01/16/2002,4.22
01/17/2002,4.23
01/18/2002,4.26
01/21/2002,4.25
01/22/2002,4.29
01/23/2002,4.29
01/24/2002,4.29
01/25/2002,4.29
01/28/2002,4.3
01/29/2002,4.29
01/30/2002,4.3
01/31/2002,4.31
02/01/2002,4.3
02/04/2002,4.29
02/05/2002,4.3
02/06/2002,4.29
02/07/2002,4.29
02/08/2002,4.29
02/11/2002,4.29
02/12/2002,4.31
02/13/2002,4.33
02/14/2002,4.34
02/15/2002,4.33
02/18/2002,4.33
02/19/2002,4.31
02/20/2002,4.33
02/21/2002,4.32
02/22/2002,4.32
02/25/2002,4.32
02/26/2002,4.32
02/27/2002,4.31
02/28/2002,4.32
03/01/2002,4.34
03/04/2002,4.34
03/05/2002,4.33
03/06/2002,4.35
03/07/2002,4.37
03/08/2002,4.38
03/11/2002,4.37
03/12/2002,4.38
03/13/2002,4.38
03/14/2002,4.44
03/15/2002,4.47
03/18/2002,4.5
03/19/2002,4.53
03/20/2002,4.57
03/21/2002,4.61
03/22/2002,4.62
03/25/2002,4.64
03/26/2002,4.63
03/27/2002,4.63
03/28/2002,4.63
03/29/2002,4.63
04/01/2002,4.66
04/02/2002,4.57
04/03/2002,4.54
04/04/2002,4.49
04/05/2002,4.5
04/08/2002,4.52
04/09/2002,4.5
04/10/2002,4.55
04/11/2002,4.56
04/12/2002,4.59
04/15/2002,4.59
04/16/2002,4.63
04/17/2002,4.6
04/18/2002,4.63
04/19/2002,4.64
04/22/2002,4.64
04/23/2002,4.67
04/24/2002,4.67
04/25/2002,4.63
04/26/2002,4.62
04/29/2002,4.63
04/30/2002,4.64
05/01/2002,4.65
05/02/2002,4.67
05/03/2002,4.71
05/06/2002,4.7
05/07/2002,4.77
05/08/2002,4.78
05/09/2002,4.78
05/10/2002,4.79
05/13/2002,4.81
05/14/2002,4.84
05/15/2002,4.85
05/16/2002,4.85
05/17/2002,4.9
05/20/2002,4.91
05/21/2002,4.9
05/22/2002,4.9
05/23/2002,4.92
05/24/2002,4.94
05/27/2002,4.98
05/28/2002,4.96
05/29/2002,4.98
05/30/2002,4.99
05/31/2002,5.12
06/03/2002,5.08
06/04/2002,5.07
06/05/2002,5.06
06/06/2002,5.04
06/07/2002,5.04
06/10/2002,5.02
06/11/2002,5.025
06/12/2002,5.06
06/13/2002,5.05
06/14/2002,5.06
06/17/2002,5.07
06/18/2002,5.05
06/19/2002,5.07
06/20/2002,5.09
06/21/2002,5.13
06/24/2002,5.14
06/25/2002,5.04
06/26/2002,5.1
06/27/2002,5.11
06/28/2002,5.13
07/01/2002,5.1
07/02/2002,5.02
07/03/2002,5.03
07/04/2002,5.05
07/05/2002,5.06
07/08/2002,5.06
07/09/2002,5.02
07/10/2002,4.97
07/11/2002,4.98
07/12/2002,4.93
07/15/2002,4.96
07/16/2002,4.98
07/17/2002,4.98
07/18/2002,4.95
07/19/2002,4.93
07/22/2002,4.95
07/23/2002,4.86
07/24/2002,4.9
07/25/2002,4.85
07/26/2002,4.88
07/29/2002,4.92
07/30/2002,4.94
07/31/2002,4.93
08/01/2002,4.91
08/02/2002,4.91
08/05/2002,4.86
08/06/2002,4.88
08/07/2002,4.87
08/08/2002,4.91
08/09/2002,4.93
08/12/2002,4.93
08/13/2002,4.93
08/14/2002,4.94
08/15/2002,4.95
08/16/2002,4.98
08/19/2002,4.99
08/20/2002,4.98
08/21/2002,5
08/22/2002,5.01
08/23/2002,5.01
08/26/2002,5.02
08/27/2002,5.06
08/28/2002,5.04
08/29/2002,4.99
08/30/2002,4.97
09/02/2002,4.89
09/03/2002,4.87
09/04/2002,4.89
09/05/2002,4.87
09/06/2002,4.89
09/09/2002,4.91
09/10/2002,4.92
09/11/2002,4.99
09/12/2002,4.97
09/13/2002,4.96
09/16/2002,5.01
09/17/2002,4.95
09/18/2002,4.95
09/19/2002,4.93
09/20/2002,4.91
09/23/2002,4.91
09/24/2002,4.91
09/25/2002,4.93
09/26/2002,4.91
09/27/2002,4.87
09/30/2002,4.9
10/01/2002,4.92
10/02/2002,4.89
10/03/2002,4.89
10/04/2002,4.89
10/07/2002,4.88
10/08/2002,4.9
10/09/2002,4.9
10/10/2002,4.89
10/11/2002,4.89
10/14/2002,4.91
10/15/2002,4.93
10/16/2002,4.94
10/17/2002,4.93
10/18/2002,4.91
10/21/2002,4.93
10/22/2002,4.94
10/23/2002,4.92
10/24/2002,4.91
10/25/2002,4.87
10/28/2002,4.87
10/29/2002,4.8633
10/30/2002,4.86
10/31/2002,4.85
11/01/2002,4.85
11/04/2002,4.85
11/05/2002,4.86
11/06/2002,4.85
11/07/2002,4.835
11/08/2002,4.81
11/11/2002,4.81
11/12/2002,4.81
11/13/2002,4.82
11/14/2002,4.83
11/15/2002,4.82
11/18/2002,4.82
11/19/2002,4.82
11/20/2002,4.84
11/21/2002,4.84
11/22/2002,4.86
11/25/2002,4.84
11/26/2002,4.83
11/27/2002,4.85
11/28/2002,4.85
11/29/2002,4.85
12/02/2002,4.84
12/03/2002,4.84
12/04/2002,4.84
12/05/2002,4.84
12/06/2002,4.83
12/09/2002,4.83
12/10/2002,4.83
12/11/2002,4.85
12/12/2002,4.83
12/13/2002,4.84
12/16/2002,4.84
12/17/2002,4.83
12/18/2002,4.82
12/19/2002,4.81
12/20/2002,4.82
12/23/2002,4.82
12/24/2002,4.82
12/25/2002,4.82
12/26/2002,4.82
12/27/2002,4.8
12/30/2002,4.79
12/31/2002,4.79
01/01/2003,4.79
01/02/2003,4.82
01/03/2003,4.83
01/06/2003,4.82
01/07/2003,4.81
01/08/2003,4.82
01/09/2003,4.82
01/10/2003,4.82
01/13/2003,4.82
01/14/2003,4.82
01/15/2003,4.81
01/16/2003,4.8
01/17/2003,4.78
01/20/2003,4.78
01/21/2003,4.78
01/22/2003,4.79
01/23/2003,4.78
01/24/2003,4.78
01/27/2003,4.8
01/28/2003,4.8
01/29/2003,4.81
01/30/2003,4.8
01/31/2003,4.79
02/03/2003,4.77
02/04/2003,4.78
02/05/2003,4.76
02/06/2003,4.73
02/07/2003,4.74
02/10/2003,4.73
02/11/2003,4.72
02/12/2003,4.74
02/13/2003,4.74
02/14/2003,4.74
02/17/2003,4.74
02/18/2003,4.75
02/19/2003,4.74
02/20/2003,4.74
02/21/2003,4.76
02/24/2003,4.75
02/25/2003,4.76
02/26/2003,4.74
02/27/2003,4.74
02/28/2003,4.73
03/03/2003,4.73
03/04/2003,4.75
03/05/2003,4.75
03/06/2003,4.76
03/07/2003,4.75
03/10/2003,4.75
03/11/2003,4.76
03/12/2003,4.765
03/13/2003,4.77
03/14/2003,4.73
03/17/2003,4.75
03/18/2003,4.75
03/19/2003,4.77
03/20/2003,4.77
03/21/2003,4.77
03/24/2003,4.78
03/25/2003,4.78
03/26/2003,4.78
03/27/2003,4.79
03/28/2003,4.78
03/31/2003,4.77
04/01/2003,4.78
04/02/2003,4.78
04/03/2003,4.77
04/04/2003,4.8
04/07/2003,4.8
04/08/2003,4.79
04/09/2003,4.78
04/10/2003,4.79
04/11/2003,4.8
04/14/2003,4.81
04/15/2003,4.8
04/16/2003,4.79
04/17/2003,4.79
04/18/2003,4.79
04/21/2003,4.8
04/22/2003,4.81
04/23/2003,4.81
04/24/2003,4.81
04/25/2003,4.8
04/28/2003,4.8
04/29/2003,4.8
04/30/2003,4.81
05/01/2003,4.8
05/02/2003,4.78
05/05/2003,4.77
05/06/2003,4.77
05/07/2003,4.75
05/08/2003,4.77
05/09/2003,4.77
05/12/2003,4.77
05/13/2003,4.78
05/14/2003,4.78
05/15/2003,4.78
05/16/2003,4.77
05/19/2003,4.77
05/20/2003,4.77
05/21/2003,4.77
05/22/2003,4.77
05/23/2003,4.78
05/26/2003,4.77
05/27/2003,4.78
05/28/2003,4.78
05/29/2003,4.78
05/30/2003,4.78
06/02/2003,4.78
06/03/2003,4.78
06/04/2003,4.78
06/05/2003,4.72
06/06/2003,4.72
06/09/2003,4.68
06/10/2003,4.65
06/11/2003,4.66
06/12/2003,4.63
06/13/2003,4.59
06/16/2003,4.61
06/17/2003,4.63
06/18/2003,4.63
06/19/2003,4.63
06/20/2003,4.61
06/23/2003,4.61
06/24/2003,4.61
06/25/2003,4.68
06/26/2003,4.68
06/27/2003,4.67
06/30/2003,4.65
07/01/2003,4.72
07/02/2003,4.71
07/03/2003,4.7
07/04/2003,4.71
07/07/2003,4.72
07/08/2003,4.73
07/09/2003,4.71
07/10/2003,4.705
07/11/2003,4.7
07/14/2003,4.72
07/15/2003,4.73
07/16/2003,4.72
07/17/2003,4.72
07/18/2003,4.72
07/21/2003,4.72
07/22/2003,4.72
07/23/2003,4.72
07/24/2003,4.72
07/25/2003,4.73
07/28/2003,4.74
07/29/2003,4.76
07/30/2003,4.76
07/31/2003,4.77
08/01/2003,4.77
08/04/2003,4.78
08/05/2003,4.79
08/06/2003,4.79
08/07/2003,4.79
08/08/2003,4.82
08/11/2003,4.83
08/12/2003,4.83
08/13/2003,4.84
08/14/2003,4.84
08/15/2003,4.84
08/18/2003,4.84
08/19/2003,4.83
08/20/2003,4.84
08/21/2003,4.84
08/22/2003,4.84
08/25/2003,4.84
08/26/2003,4.84
08/27/2003,4.86
08/28/2003,4.85
08/29/2003,4.87
09/01/2003,4.88
09/02/2003,4.87
09/03/2003,4.88
09/04/2003,4.88
09/05/2003,4.88
09/08/2003,4.88
09/09/2003,4.88
09/10/2003,4.93
09/11/2003,4.96
09/12/2003,4.95
09/15/2003,4.94
09/16/2003,4.94
09/17/2003,4.93
09/18/2003,4.93
09/19/2003,4.92
09/22/2003,4.91
09/23/2003,4.92
09/24/2003,4.91
09/25/2003,4.91
09/26/2003,4.89
09/29/2003,4.91
09/30/2003,4.9
10/01/2003,4.9
10/02/2003,4.9
10/03/2003,4.9
10/06/2003,4.95
10/07/2003,4.95
10/08/2003,4.96
10/09/2003,4.95
10/10/2003,4.95
10/13/2003,4.97
10/14/2003,4.97
10/15/2003,4.98
10/16/2003,4.98
10/17/2003,4.99
10/20/2003,4.99
10/21/2003,4.99
10/22/2003,4.97
10/23/2003,4.98
10/24/2003,4.99
10/27/2003,5
10/28/2003,4.99
10/29/2003,5.01
10/30/2003,5.05
10/31/2003,5.05
11/03/2003,5.06
11/04/2003,5.2
11/05/2003,5.26
11/06/2003,5.26
11/07/2003,5.29
11/10/2003,5.31
11/11/2003,5.33
11/12/2003,5.35
11/13/2003,5.37
11/14/2003,5.38
11/17/2003,5.37
11/18/2003,5.37
11/19/2003,5.37
11/20/2003,5.35
11/21/2003,5.34
11/24/2003,5.36
11/25/2003,5.36
11/26/2003,5.4
11/27/2003,5.41
11/28/2003,5.43
12/01/2003,5.42
12/02/2003,5.44
12/03/2003,5.44
12/04/2003,5.43
12/05/2003,5.44
12/08/2003,5.44
12/09/2003,5.46
12/10/2003,5.48
12/11/2003,5.47
12/12/2003,5.51
12/15/2003,5.5
12/16/2003,5.48
12/17/2003,5.48
12/18/2003,5.48
12/19/2003,5.48
12/22/2003,5.5
12/23/2003,5.51
12/24/2003,5.51
12/25/2003,5.51
12/26/2003,5.51
12/29/2003,5.52
12/30/2003,5.52
12/31/2003,5.52
01/01/2004,5.52
01/02/2004,5.53
01/05/2004,5.56
01/06/2004,5.57
01/07/2004,5.59
01/08/2004,5.57
01/09/2004,5.49
01/12/2004,5.5
01/13/2004,5.49
01/14/2004,5.53
01/15/2004,5.52
01/16/2004,5.54
01/19/2004,5.57
01/20/2004,5.56
01/21/2004,5.56
01/22/2004,5.54
01/23/2004,5.54
01/26/2004,5.58
01/27/2004,5.57
01/28/2004,5.61
01/29/2004,5.63
01/30/2004,5.63
02/02/2004,5.6
02/03/2004,5.56
02/04/2004,5.57
02/05/2004,5.58
02/06/2004,5.54
02/09/2004,5.55
02/10/2004,5.55
02/11/2004,5.53
02/12/2004,5.54
02/13/2004,5.53
02/16/2004,5.56
02/17/2004,5.55
02/18/2004,5.57
02/19/2004,5.56
02/20/2004,5.61
02/23/2004,5.61
02/24/2004,5.61
02/25/2004,5.6
02/26/2004,5.61
02/27/2004,5.55
03/01/2004,5.54
03/02/2004,5.57
03/03/2004,5.55
03/04/2004,5.54
03/05/2004,5.51
03/08/2004,5.53
03/09/2004,5.55
03/10/2004,5.53
03/11/2004,5.49
03/12/2004,5.49
03/15/2004,5.49
03/16/2004,5.49
03/17/2004,5.49
03/18/2004,5.49
03/19/2004,5.485
03/22/2004,5.48
03/23/2004,5.48
03/24/2004,5.49
03/25/2004,5.49
03/26/2004,5.51
03/29/2004,5.53
03/30/2004,5.52
03/31/2004,5.51
04/01/2004,5.52
04/02/2004,5.55
04/05/2004,5.54
04/06/2004,5.52
04/07/2004,5.54
04/08/2004,5.54
04/09/2004,5.54
04/12/2004,5.54
04/13/2004,5.55
04/14/2004,5.53
04/15/2004,5.54
04/16/2004,5.51
04/19/2004,5.52
04/20/2004,5.54
04/21/2004,5.53
04/22/2004,5.51
04/23/2004,5.51
04/26/2004,5.54
04/27/2004,5.56
04/28/2004,5.57
04/29/2004,5.57
04/30/2004,5.59
05/03/2004,5.59
05/04/2004,5.56
05/05/2004,5.57
05/06/2004,5.53
05/07/2004,5.49
05/10/2004,5.5
05/11/2004,5.49
05/12/2004,5.51
05/13/2004,5.53
05/14/2004,5.5
05/17/2004,5.49
05/18/2004,5.5
05/19/2004,5.49
05/20/2004,5.48
05/21/2004,5.49
05/24/2004,5.48
05/25/2004,5.48
05/26/2004,5.48
05/27/2004,5.48
05/28/2004,5.49
05/31/2004,5.49
06/01/2004,5.49
06/02/2004,5.47
06/03/2004,5.48
06/04/2004,5.49
06/07/2004,5.49
06/08/2004,5.49
06/09/2004,5.51
06/10/2004,5.51
06/11/2004,5.51
06/14/2004,5.51
06/15/2004,5.5
06/16/2004,5.49
06/17/2004,5.48
06/18/2004,5.48
06/21/2004,5.48
06/22/2004,5.48
06/23/2004,5.48
06/24/2004,5.47
06/25/2004,5.48
06/28/2004,5.48
06/29/2004,5.5
06/30/2004,5.49
07/01/2004,5.49
07/02/2004,5.48
07/05/2004,5.48
07/06/2004,5.47
07/07/2004,5.46
07/08/2004,5.45
07/09/2004,5.45
07/12/2004,5.46
07/13/2004,5.44
07/14/2004,5.46
07/15/2004,5.46
07/16/2004,5.44
07/19/2004,5.45
07/20/2004,5.45
07/21/2004,5.45
07/22/2004,5.45
07/23/2004,5.46
07/26/2004,5.46
07/27/2004,5.47
07/28/2004,5.47
07/29/2004,5.48
07/30/2004,5.46
08/02/2004,5.46
08/03/2004,5.45
08/04/2004,5.45
08/05/2004,5.45
08/06/2004,5.45
08/09/2004,5.44
08/10/2004,5.45
08/11/2004,5.44
08/12/2004,5.44
08/13/2004,5.43
08/16/2004,5.43
08/17/2004,5.43
08/18/2004,5.43
08/19/2004,5.42
08/20/2004,5.43
08/23/2004,5.43
08/24/2004,5.43
08/25/2004,5.44
08/26/2004,5.44
08/27/2004,5.44
08/30/2004,5.45
08/31/2004,5.43
09/01/2004,5.43
09/02/2004,5.44
09/03/2004,5.45
09/06/2004,5.46
09/07/2004,5.45
09/08/2004,5.4
09/09/2004,5.42
09/10/2004,5.41
09/13/2004,5.41
09/14/2004,5.41
09/15/2004,5.41
09/16/2004,5.39
09/17/2004,5.4
09/20/2004,5.4
09/21/2004,5.4
09/22/2004,5.4
09/23/2004,5.41
09/24/2004,5.41
09/27/2004,5.41
09/28/2004,5.42
09/29/2004,5.42
09/30/2004,5.42
10/01/2004,5.42
10/04/2004,5.41
10/05/2004,5.41
10/06/2004,5.42
10/07/2004,5.42
10/08/2004,5.41
10/11/2004,5.41
10/12/2004,5.41
10/13/2004,5.4
10/14/2004,5.4
10/15/2004,5.4
10/18/2004,5.4
10/19/2004,5.4
10/20/2004,5.4
10/21/2004,5.41
10/22/2004,5.41
10/25/2004,5.42
10/26/2004,5.41
10/27/2004,5.43
10/28/2004,5.43
10/29/2004,5.43
11/01/2004,5.43
11/02/2004,5.43
11/03/2004,5.43
11/04/2004,5.43
11/05/2004,5.44
11/08/2004,5.44
11/09/2004,5.44
11/10/2004,5.45
11/11/2004,5.44
11/12/2004,5.44
11/15/2004,5.44
11/16/2004,5.43
11/17/2004,5.41
11/18/2004,5.42
11/19/2004,5.41
11/22/2004,5.42
11/23/2004,5.41
11/24/2004,5.4
11/25/2004,5.41
11/26/2004,5.41
11/29/2004,5.4
11/30/2004,5.39
12/01/2004,5.39
12/02/2004,5.4
12/03/2004,5.4
12/06/2004,5.4
12/07/2004,5.39
12/08/2004,5.42
12/09/2004,5.42
12/10/2004,5.42
12/13/2004,5.42
12/14/2004,5.41
12/15/2004,5.41
12/16/2004,5.41
12/17/2004,5.41
12/20/2004,5.41
12/21/2004,5.41
12/22/2004,5.42
12/23/2004,5.42
12/24/2004,5.42
12/27/2004,5.42
12/28/2004,5.43
12/29/2004,5.43
12/30/2004,5.43
12/31/2004,5.43
01/03/2005,5.43
01/04/2005,5.43
01/05/2005,5.42
01/06/2005,5.42
01/07/2005,5.42
01/10/2005,5.41
01/11/2005,5.41
01/12/2005,5.42
01/13/2005,5.4
01/14/2005,5.41
01/17/2005,5.42
01/18/2005,5.41
01/19/2005,5.41
01/20/2005,5.41
01/21/2005,5.41
01/24/2005,5.43
01/25/2005,5.43
01/26/2005,5.45
01/27/2005,5.45
01/28/2005,5.48
01/31/2005,5.48
02/01/2005,5.47
02/02/2005,5.48
02/03/2005,5.48
02/04/2005,5.51
02/07/2005,5.54
02/08/2005,5.56
02/09/2005,5.62
02/10/2005,5.63
02/11/2005,5.66
02/14/2005,5.66
02/15/2005,5.68
02/16/2005,5.68
02/17/2005,5.67
02/18/2005,5.71
02/21/2005,5.73
02/22/2005,5.73
02/23/2005,5.72
02/24/2005,5.76
02/25/2005,5.77
02/28/2005,5.76
03/01/2005,5.75
03/02/2005,5.75
03/03/2005,5.73
03/04/2005,5.74
03/07/2005,5.75
03/08/2005,5.75
03/09/2005,5.8
03/10/2005,5.81
03/11/2005,5.82
03/14/2005,5.82
03/15/2005,5.83
03/16/2005,5.83
03/17/2005,5.81
03/18/2005,5.83
03/21/2005,5.85
03/22/2005,5.86
03/23/2005,5.85
03/24/2005,5.85
03/25/2005,5.85
03/28/2005,5.89
03/29/2005,5.92
03/30/2005,5.92
03/31/2005,5.84
04/01/2005,5.87
04/04/2005,5.85
04/05/2005,5.75
04/06/2005,5.78
04/07/2005,5.77
04/08/2005,5.77
04/11/2005,5.77
04/12/2005,5.75
04/13/2005,5.73
04/14/2005,5.73
04/15/2005,5.73
04/18/2005,5.72
04/19/2005,5.72
04/20/2005,5.71
04/21/2005,5.73
04/22/2005,5.73
04/25/2005,5.73
04/26/2005,5.71
04/27/2005,5.71
04/28/2005,5.7
04/29/2005,5.71
05/02/2005,5.7
05/03/2005,5.69
05/04/2005,5.68
05/05/2005,5.67
05/06/2005,5.68
05/09/2005,5.69
05/10/2005,5.69
05/11/2005,5.68
05/12/2005,5.68
05/13/2005,5.67
05/16/2005,5.67
05/17/2005,5.66
05/18/2005,5.67
05/19/2005,5.68
05/20/2005,5.68
05/23/2005,5.68
05/24/2005,5.67
05/25/2005,5.68
05/26/2005,5.68
05/27/2005,5.67
05/30/2005,5.67
05/31/2005,5.67
06/01/2005,5.67
06/02/2005,5.64
06/03/2005,5.66
06/06/2005,5.67
06/07/2005,5.66
06/08/2005,5.67
06/09/2005,5.66
06/10/2005,5.66
06/13/2005,5.67
06/14/2005,5.68
06/15/2005,5.67
06/16/2005,5.66
06/17/2005,5.66
06/20/2005,5.66
06/21/2005,5.66
06/22/2005,5.65
06/23/2005,5.65
06/24/2005,5.65
06/27/2005,5.65
06/28/2005,5.65
06/29/2005,5.66
06/30/2005,5.65
07/01/2005,5.65
07/04/2005,5.65
07/05/2005,5.65
07/06/2005,5.66
07/07/2005,5.65
07/08/2005,5.65
07/11/2005,5.65
07/12/2005,5.66
07/13/2005,5.65
07/14/2005,5.64
07/15/2005,5.65
07/18/2005,5.65
07/19/2005,5.64
07/20/2005,5.64
07/21/2005,5.65
07/22/2005,5.65
07/25/2005,5.65
07/26/2005,5.64
07/27/2005,5.64
07/28/2005,5.64
07/29/2005,5.65
08/01/2005,5.65
08/02/2005,5.65
08/03/2005,5.64
08/04/2005,5.64
08/05/2005,5.64
08/08/2005,5.63
08/09/2005,5.63
08/10/2005,5.63
08/11/2005,5.61
08/12/2005,5.62
08/15/2005,5.62
08/16/2005,5.61
08/17/2005,5.62
08/18/2005,5.62
08/19/2005,5.61
08/22/2005,5.61
08/23/2005,5.61
08/24/2005,5.61
08/25/2005,5.6
08/26/2005,5.6
08/29/2005,5.61
08/30/2005,5.61
08/31/2005,5.6
09/01/2005,5.58
09/02/2005,5.58
09/05/2005,5.58
09/06/2005,5.62
09/07/2005,5.62
09/08/2005,5.62
09/09/2005,5.61
09/12/2005,5.63
09/13/2005,5.63
09/14/2005,5.63
09/15/2005,5.62
09/16/2005,5.62
09/19/2005,5.63
09/20/2005,5.62
09/21/2005,5.61
09/22/2005,5.61
09/23/2005,5.62
09/26/2005,5.64
09/27/2005,5.64
09/28/2005,5.64
09/29/2005,5.64
09/30/2005,5.63
10/03/2005,5.63
10/04/2005,5.63
10/05/2005,5.625
10/06/2005,5.62
10/07/2005,5.62
10/10/2005,5.625
10/11/2005,5.63
10/12/2005,5.63
10/13/2005,5.63
10/14/2005,5.635
10/17/2005,5.63
10/18/2005,5.625
10/19/2005,5.625
10/20/2005,5.635
10/21/2005,5.64
10/24/2005,5.65
10/25/2005,5.64
10/26/2005,5.64
10/27/2005,5.645
10/28/2005,5.65
10/31/2005,5.64
11/01/2005,5.64
11/02/2005,5.635
11/03/2005,5.635
11/04/2005,5.64
11/07/2005,5.635
11/08/2005,5.635
11/09/2005,5.63
11/10/2005,5.625
11/11/2005,5.625
11/14/2005,5.63
11/15/2005,5.625
11/16/2005,5.625
11/17/2005,5.625
11/18/2005,5.62
11/21/2005,5.62
11/22/2005,5.615
11/23/2005,5.62
11/24/2005,5.62
11/25/2005,5.625
11/28/2005,5.625
11/29/2005,5.62
11/30/2005,5.615
12/01/2005,5.62
12/02/2005,5.62
12/05/2005,5.63
12/06/2005,5.625
12/07/2005,5.635
12/08/2005,5.635
12/09/2005,5.635
12/12/2005,5.635
12/13/2005,5.645
12/14/2005,5.645
12/15/2005,5.635
12/16/2005,5.635
12/19/2005,5.63
12/20/2005,5.635
12/21/2005,5.64
12/22/2005,5.64
12/23/2005,5.64
12/26/2005,5.64
12/27/2005,5.645
12/28/2005,5.645
12/29/2005,5.64
12/30/2005,5.64
01/02/2006,5.64
01/03/2006,5.64
01/04/2006,5.635
01/05/2006,5.63
01/06/2006,5.635
01/09/2006,5.64
01/10/2006,5.64
01/11/2006,5.64
01/12/2006,5.63
01/13/2006,5.625
01/16/2006,5.625
01/17/2006,5.625
01/18/2006,5.625
01/19/2006,5.635
01/20/2006,5.625
01/23/2006,5.62
01/24/2006,5.63
01/25/2006,5.63
01/26/2006,5.63
01/27/2006,5.63
01/30/2006,5.625
01/31/2006,5.625
02/01/2006,5.625
02/02/2006,5.625
02/03/2006,5.62
02/06/2006,5.625
02/07/2006,5.615
02/08/2006,5.61
02/09/2006,5.615
02/10/2006,5.615
02/13/2006,5.615
02/14/2006,5.615
02/15/2006,5.615
02/16/2006,5.615
02/17/2006,5.605
02/20/2006,5.605
02/21/2006,5.605
02/22/2006,5.6
02/23/2006,5.605
02/24/2006,5.61
02/27/2006,5.605
02/28/2006,5.605
03/01/2006,5.615
03/02/2006,5.61
03/03/2006,5.61
03/06/2006,5.61
03/07/2006,5.605
03/08/2006,5.615
03/09/2006,5.615
03/10/2006,5.615
03/13/2006,5.615
03/14/2006,5.61
03/15/2006,5.605
03/16/2006,5.6
03/17/2006,5.595
03/20/2006,5.595
03/21/2006,5.595
03/22/2006,5.595
03/23/2006,5.595
03/24/2006,5.595
03/27/2006,5.605
03/28/2006,5.605
03/29/2006,5.61
03/30/2006,5.6
03/31/2006,5.6
04/03/2006,5.605
04/04/2006,5.62
04/05/2006,5.67
04/06/2006,5.66
04/07/2006,5.685
04/10/2006,5.69
04/11/2006,5.675
04/12/2006,5.67
04/13/2006,5.67
04/14/2006,5.67
04/17/2006,5.685
04/18/2006,5.68
04/19/2006,5.7
04/20/2006,5.705
04/21/2006,5.715
04/24/2006,5.715
04/25/2006,5.74
04/26/2006,5.79
04/27/2006,5.805
04/28/2006,5.8
05/01/2006,5.8
05/02/2006,5.88
05/03/2006,5.88
05/04/2006,5.875
05/05/2006,5.87
05/08/2006,5.87
05/09/2006,5.88
05/10/2006,5.875
05/11/2006,5.875
05/12/2006,5.89
05/15/2006,5.89
05/16/2006,5.885
05/17/2006,5.89
05/18/2006,5.885
05/19/2006,5.88
05/22/2006,5.88
05/23/2006,5.875
05/24/2006,5.88
05/25/2006,5.88
05/26/2006,5.88
05/29/2006,5.895
05/30/2006,5.89
05/31/2006,5.9
06/01/2006,5.895
06/02/2006,5.89
06/05/2006,5.9
06/06/2006,5.9
06/07/2006,5.925
06/08/2006,5.93
06/09/2006,5.93
06/12/2006,5.94
06/13/2006,5.945
06/14/2006,5.965
06/15/2006,5.98
06/16/2006,5.98
06/19/2006,5.98
06/20/2006,5.985
06/21/2006,6.01
06/22/2006,6.03
06/23/2006,6.04
06/26/2006,6.03
06/27/2006,6.03
06/28/2006,6.025
06/29/2006,5.97
06/30/2006,5.97
07/03/2006,5.97
07/04/2006,5.96
07/05/2006,5.98
07/06/2006,5.96
07/07/2006,5.96
07/10/2006,5.98
07/11/2006,6.01
07/12/2006,6.04
07/13/2006,6.05
07/14/2006,6.06
07/17/2006,6.075
07/18/2006,6.07
07/19/2006,6.07
07/20/2006,6.07
07/21/2006,6.1
07/24/2006,6.12
07/25/2006,6.15
07/26/2006,6.16
07/27/2006,6.17
07/28/2006,6.195
07/31/2006,6.185
08/01/2006,6.19
08/02/2006,6.185
08/03/2006,6.2
08/04/2006,6.19
08/07/2006,6.185
08/08/2006,6.18
08/09/2006,6.225
08/10/2006,6.21
08/11/2006,6.215
08/14/2006,6.225
08/15/2006,6.21
08/16/2006,6.19
08/17/2006,6.19
08/18/2006,6.175
08/21/2006,6.19
08/22/2006,6.195
08/23/2006,6.195
08/24/2006,6.185
08/25/2006,6.19
08/28/2006,6.18
08/29/2006,6.185
08/30/2006,6.19
08/31/2006,6.19
09/01/2006,6.2
09/04/2006,6.22
09/05/2006,6.21
09/06/2006,6.22
09/07/2006,6.21
09/08/2006,6.22
09/11/2006,6.21
09/12/2006,6.205
09/13/2006,6.21
09/14/2006,6.215
09/15/2006,6.22
09/18/2006,6.22
09/19/2006,6.22
09/20/2006,6.225
09/21/2006,6.195
09/22/2006,6.19
09/25/2006,6.19
09/26/2006,6.195
09/27/2006,6.2
09/28/2006,6.195
09/29/2006,6.2
10/02/2006,6.185
10/03/2006,6.185
10/04/2006,6.175
10/05/2006,6.18
10/06/2006,6.205
10/09/2006,6.23
10/10/2006,6.22
10/11/2006,6.28
10/12/2006,6.28
10/13/2006,6.29
10/16/2006,6.285
10/17/2006,6.29
10/18/2006,6.29
10/19/2006,6.31
10/20/2006,6.32
10/23/2006,6.33
10/24/2006,6.355
10/25/2006,6.35
10/26/2006,6.35
10/27/2006,6.36
10/30/2006,6.38
10/31/2006,6.38
11/01/2006,6.38
11/02/2006,6.38
11/03/2006,6.39
11/06/2006,6.385
11/07/2006,6.38
11/08/2006,6.375
11/09/2006,6.375
11/10/2006,6.365
11/13/2006,6.375
11/14/2006,6.37
11/15/2006,6.38
11/16/2006,6.37
11/17/2006,6.37
11/20/2006,6.36
11/21/2006,6.36
11/22/2006,6.36
11/23/2006,6.375
11/24/2006,6.37
11/27/2006,6.38
11/28/2006,6.375
11/29/2006,6.385
11/30/2006,6.38
12/01/2006,6.375
12/04/2006,6.38
12/05/2006,6.375
12/06/2006,6.39
12/07/2006,6.385
12/08/2006,6.39
12/11/2006,6.385
12/12/2006,6.39
12/13/2006,6.39
12/14/2006,6.39
12/15/2006,6.395
12/18/2006,6.385
12/19/2006,6.395
12/20/2006,6.4
12/21/2006,6.4
12/22/2006,6.4
12/25/2006,6.4
12/26/2006,6.4
12/27/2006,6.44
12/28/2006,6.435
12/29/2006,6.435
01/01/2007,6.415
01/02/2007,6.42
01/03/2007,6.415
01/04/2007,6.415
01/05/2007,6.42
01/08/2007,6.42
01/09/2007,6.42
01/10/2007,6.445
01/11/2007,6.455
01/12/2007,6.46
01/15/2007,6.465
01/16/2007,6.465
01/17/2007,6.46
01/18/2007,6.455
01/19/2007,6.47
01/22/2007,6.475
01/23/2007,6.385
01/24/2007,6.385
01/25/2007,6.385
01/26/2007,6.39
01/29/2007,6.4
01/30/2007,6.395
01/31/2007,6.39
02/01/2007,6.385
02/02/2007,6.395
02/05/2007,6.39
02/06/2007,6.385
02/07/2007,6.385
02/08/2007,6.39
02/09/2007,6.385
02/12/2007,6.38
02/13/2007,6.37
02/14/2007,6.375
02/15/2007,6.37
02/16/2007,6.365
02/19/2007,6.365
02/20/2007,6.365
02/21/2007,6.36
02/22/2007,6.355
02/23/2007,6.35
02/26/2007,6.35
02/27/2007,6.34
02/28/2007,6.35
03/01/2007,6.35
03/02/2007,6.355
03/05/2007,6.35
03/06/2007,6.35
03/07/2007,6.355
03/08/2007,6.355
03/09/2007,6.37
03/12/2007,6.375
03/13/2007,6.36
03/14/2007,6.365
03/15/2007,6.4
03/16/2007,6.45
03/19/2007,6.475
03/20/2007,6.495
03/21/2007,6.505
03/22/2007,6.53
03/23/2007,6.53
03/26/2007,6.525
03/27/2007,6.505
03/28/2007,6.525
03/29/2007,6.515
03/30/2007,6.55
04/02/2007,6.56
04/03/2007,6.465
04/04/2007,6.465
04/05/2007,6.465
04/06/2007,6.465
04/09/2007,6.485
04/10/2007,6.49
04/11/2007,6.52
04/12/2007,6.515
04/13/2007,6.53
04/16/2007,6.52
04/17/2007,6.52
04/18/2007,6.515
04/19/2007,6.52
04/20/2007,6.5
04/23/2007,6.39
04/24/2007,6.39
04/25/2007,6.385
04/26/2007,6.385
04/27/2007,6.39
04/30/2007,6.375
05/01/2007,6.375
05/02/2007,6.38
05/03/2007,6.37
05/04/2007,6.37
05/07/2007,6.38
05/08/2007,6.38
05/09/2007,6.39
05/10/2007,6.4
05/11/2007,6.39
05/14/2007,6.385
05/15/2007,6.38
05/16/2007,6.365
05/17/2007,6.365
05/18/2007,6.355
05/21/2007,6.35
05/22/2007,6.355
05/23/2007,6.35
05/24/2007,6.355
05/25/2007,6.35
05/28/2007,6.36
05/29/2007,6.35
05/30/2007,6.35
05/31/2007,6.36
06/01/2007,6.355
06/04/2007,6.36
06/05/2007,6.4
06/06/2007,6.465
06/07/2007,6.47
06/08/2007,6.47
06/11/2007,6.47
06/12/2007,6.475
06/13/2007,6.42
06/14/2007,6.415
06/15/2007,6.42
06/18/2007,6.42
06/19/2007,6.42
06/20/2007,6.425
06/21/2007,6.42
06/22/2007,6.42
06/25/2007,6.42
06/26/2007,6.42
06/27/2007,6.43
06/28/2007,6.43
06/29/2007,6.425
07/02/2007,6.425
07/03/2007,6.435
07/04/2007,6.44
07/05/2007,6.45
07/06/2007,6.445
07/09/2007,6.45
07/10/2007,6.445
07/11/2007,6.44
07/12/2007,6.445
07/13/2007,6.44
07/16/2007,6.45
07/17/2007,6.435
07/18/2007,6.44
07/19/2007,6.445
07/20/2007,6.44
07/23/2007,6.455
07/24/2007,6.55
07/25/2007,6.585
07/26/2007,6.585
07/27/2007,6.605
07/30/2007,6.615
07/31/2007,6.58
08/01/2007,6.59
08/02/2007,6.6
08/03/2007,6.6
08/06/2007,6.61
08/07/2007,6.645
08/08/2007,6.67
08/09/2007,6.7
08/10/2007,6.715
08/13/2007,6.765
08/14/2007,6.86
08/15/2007,6.8
08/16/2007,6.785
08/17/2007,6.8
08/20/2007,6.83
08/21/2007,6.85
08/22/2007,6.83
08/23/2007,6.785
08/24/2007,6.8
08/27/2007,6.8
08/28/2007,6.84
08/29/2007,6.865
08/30/2007,6.87
08/31/2007,6.9
09/03/2007,6.95
09/04/2007,7.005
09/05/2007,6.945
09/06/2007,6.945
09/07/2007,7.035
09/10/2007,7.07
09/11/2007,7.075
09/12/2007,7.035
09/13/2007,6.975
09/14/2007,6.955
09/17/2007,6.94
09/18/2007,6.84
09/19/2007,6.84
09/20/2007,6.875
09/21/2007,6.875
09/24/2007,6.905
09/25/2007,6.92
09/26/2007,6.9
09/27/2007,6.875
09/28/2007,6.875
10/01/2007,6.87
10/02/2007,6.88
10/03/2007,6.9
10/04/2007,6.91
10/05/2007,6.92
10/08/2007,6.91
10/09/2007,6.89
10/10/2007,6.895
10/11/2007,6.885
10/12/2007,6.91
10/15/2007,6.915
10/16/2007,6.88
10/17/2007,6.88
10/18/2007,6.82
10/19/2007,6.85
10/22/2007,6.87
10/23/2007,6.95
10/24/2007,6.985
10/25/2007,6.975
10/26/2007,6.985
10/29/2007,6.985
10/30/2007,7.01
10/31/2007,7.04
11/01/2007,7.04
11/02/2007,7.095
11/05/2007,7.12
11/06/2007,7.11
11/07/2007,7.11
11/08/2007,7.1
11/09/2007,7.09
11/12/2007,7.12
11/13/2007,7.14
11/14/2007,7.13
11/15/2007,7.19
11/16/2007,7.185
11/19/2007,7.185
11/20/2007,7.17
11/21/2007,7.165
11/22/2007,7.16
11/23/2007,7.175
11/26/2007,7.185
11/27/2007,7.21
11/28/2007,7.24
11/29/2007,7.24
11/30/2007,7.24
12/03/2007,7.265
12/04/2007,7.265
12/05/2007,7.265
12/06/2007,7.25
12/07/2007,7.25
12/10/2007,7.285
12/11/2007,7.335
12/12/2007,7.38
12/13/2007,7.43
12/14/2007,7.355
12/17/2007,7.36
12/18/2007,7.33
12/19/2007,7.295
12/20/2007,7.245
12/21/2007,7.24
12/24/2007,7.24
12/25/2007,7.24
12/26/2007,7.245
12/27/2007,7.26
12/28/2007,7.195
12/31/2007,7.195
01/01/2008,7.185
01/02/2008,7.15
01/03/2008,7.14
01/04/2008,7.13
01/07/2008,7.15
01/08/2008,7.16
01/09/2008,7.18
01/10/2008,7.17
01/11/2008,7.145
01/14/2008,7.15
01/15/2008,7.16
01/16/2008,7.14
01/17/2008,7.1
01/18/2008,7.18
01/21/2008,7.085
01/22/2008,7.155
01/23/2008,7.225
01/24/2008,7.28
01/25/2008,7.28
01/28/2008,7.31
01/29/2008,7.31
01/30/2008,7.345
01/31/2008,7.395
02/01/2008,7.475
02/04/2008,7.445
02/05/2008,7.435
02/06/2008,7.46
02/07/2008,7.49
02/08/2008,7.6
02/11/2008,7.645
02/12/2008,7.655
02/13/2008,7.735
02/14/2008,7.77
02/15/2008,7.78
02/18/2008,7.84
02/19/2008,7.79
02/20/2008,7.775
02/21/2008,7.775
02/22/2008,7.81
02/25/2008,7.84
02/26/2008,7.86
02/27/2008,8.01
02/28/2008,7.96
02/29/2008,7.975
03/03/2008,7.96
03/04/2008,7.975
03/05/2008,8.04
03/06/2008,7.99
03/07/2008,8.115
03/10/2008,8.08
03/11/2008,8.115
03/12/2008,7.9
03/13/2008,7.855
03/14/2008,7.77
03/17/2008,7.77
03/18/2008,7.775
03/19/2008,7.765
03/20/2008,7.765
03/21/2008,7.765
03/24/2008,7.77
03/25/2008,7.755
03/26/2008,7.755
03/27/2008,7.83
03/28/2008,7.835
03/31/2008,7.785
04/01/2008,7.81
04/02/2008,7.835
04/03/2008,7.845
04/04/2008,7.86
04/07/2008,7.89
04/08/2008,7.905
04/09/2008,7.875
04/10/2008,7.85
04/11/2008,7.84
04/14/2008,7.845
04/15/2008,7.845
04/16/2008,7.87
04/17/2008,7.845
04/18/2008,7.86
04/21/2008,7.815
04/22/2008,7.86
04/23/2008,7.82
04/24/2008,7.82
04/25/2008,7.785
04/28/2008,7.795
04/29/2008,7.8
04/30/2008,7.795
05/01/2008,7.785
05/02/2008,7.81
05/05/2008,7.785
05/06/2008,7.795
05/07/2008,7.795
05/08/2008,7.765
05/09/2008,7.775
05/12/2008,7.775
05/13/2008,7.78
05/14/2008,7.785
05/15/2008,7.775
05/16/2008,7.745
05/19/2008,7.735
05/20/2008,7.675
05/21/2008,7.67
05/22/2008,7.685
05/23/2008,7.69
05/26/2008,7.71
05/27/2008,7.725
05/28/2008,7.755
05/29/2008,7.73
05/30/2008,7.71
06/02/2008,7.725
06/03/2008,7.765
06/04/2008,7.8
06/05/2008,7.835
06/06/2008,7.835
06/09/2008,7.95
06/10/2008,7.83
06/11/2008,7.83
06/12/2008,7.835
06/13/2008,7.815
06/16/2008,7.775
06/17/2008,7.765
06/18/2008,7.775
06/19/2008,7.825
06/20/2008,7.84
06/23/2008,7.85
06/24/2008,7.83
06/25/2008,7.78
06/26/2008,7.82
06/27/2008,7.8
06/30/2008,7.76
07/01/2008,7.77
07/02/2008,7.78
07/03/2008,7.77
07/04/2008,7.755
07/07/2008,7.745
07/08/2008,7.75
07/09/2008,7.74
07/10/2008,7.75
07/11/2008,7.785
07/14/2008,7.79
07/15/2008,7.765
07/16/2008,7.775
07/17/2008,7.75
07/18/2008,7.75
07/21/2008,7.74
07/22/2008,7.735
07/23/2008,7.72
07/24/2008,7.72
07/25/2008,7.75
07/28/2008,7.78
07/29/2008,7.755
07/30/2008,7.69
07/31/2008,7.57
08/01/2008,7.57
08/04/2008,7.435
08/05/2008,7.37
08/06/2008,7.36
08/07/2008,7.34
08/08/2008,7.34
08/11/2008,7.32
08/12/2008,7.3
08/13/2008,7.305
08/14/2008,7.29
08/15/2008,7.305
08/18/2008,7.31
08/19/2008,7.3
08/20/2008,7.28
08/21/2008,7.28
08/22/2008,7.27
08/25/2008,7.205
08/26/2008,7.2
08/27/2008,7.25
08/28/2008,7.23
08/29/2008,7.21
09/01/2008,7.2
09/02/2008,7.18
09/03/2008,7.19
09/04/2008,7.2
09/05/2008,7.23
09/08/2008,7.215
09/09/2008,7.245
09/10/2008,7.225
09/11/2008,7.275
09/12/2008,7.195
09/15/2008,7.185
09/16/2008,7.26
09/17/2008,7.395
09/18/2008,7.39
09/19/2008,7.4
09/22/2008,7.43
09/23/2008,7.41
09/24/2008,7.4
09/25/2008,7.35
09/26/2008,7.3
09/29/2008,7.01
09/30/2008,6.98
10/01/2008,6.96
10/02/2008,6.97
10/03/2008,6.97
10/06/2008,6.34
10/07/2008,6.24
10/08/2008,6.23
10/09/2008,5.91
10/10/2008,5.925
10/13/2008,5.94
10/14/2008,5.865
10/15/2008,5.665
10/16/2008,5.64
10/17/2008,5.7
10/20/2008,5.82
10/21/2008,5.8
10/22/2008,5.835
10/23/2008,5.775
10/24/2008,5.78
10/27/2008,5.8
10/28/2008,5.82
10/29/2008,5.905
10/30/2008,5.75
10/31/2008,5.615
11/03/2008,5.165
11/04/2008,5.135
11/05/2008,5.065
11/06/2008,4.935
11/07/2008,4.92
11/10/2008,4.865
11/11/2008,4.825
11/12/2008,4.715
11/13/2008,4.715
11/14/2008,4.625
11/17/2008,4.645
11/18/2008,4.59
11/19/2008,4.515
11/20/2008,4.39
11/21/2008,4.44
11/24/2008,4.45
11/25/2008,4.49
11/26/2008,4.585
11/27/2008,4.51
11/28/2008,4.495
12/01/2008,4.45
12/02/2008,4.525
12/03/2008,4.565
12/04/2008,4.645
12/05/2008,4.68
12/08/2008,4.635
12/09/2008,4.5
12/10/2008,4.5
12/11/2008,4.485
12/12/2008,4.465
12/15/2008,4.425
12/16/2008,4.38
12/17/2008,4.35
12/18/2008,4.295
12/19/2008,4.245
12/22/2008,4.135
12/23/2008,4.12
12/24/2008,4.12
12/25/2008,4.12
12/26/2008,4.035
12/29/2008,4.115
12/30/2008,4.075
12/31/2008,4.075
01/01/2009,3.91
01/02/2009,3.97
01/05/2009,3.975
01/06/2009,3.98
01/07/2009,3.96
01/08/2009,3.975
01/09/2009,3.93
01/12/2009,3.9
01/13/2009,3.895
01/14/2009,3.885
01/15/2009,3.755
01/16/2009,3.725
01/19/2009,3.62
01/20/2009,3.605
01/21/2009,3.59
01/22/2009,3.555
01/23/2009,3.555
01/26/2009,3.45
01/27/2009,3.44
01/28/2009,3.385
01/29/2009,3.335
01/30/2009,3.07
02/02/2009,3.18
02/03/2009,3.235
02/04/2009,3.24
02/05/2009,3.32
02/06/2009,3.315
02/09/2009,3.26
02/10/2009,3.165
02/11/2009,3.155
02/12/2009,3.145
02/13/2009,3.11
02/16/2009,3.06
02/17/2009,3.07
02/18/2009,3.09
02/19/2009,3.06
02/20/2009,3.105
02/23/2009,3.135
02/24/2009,3.18
02/25/2009,3.16
02/26/2009,3.135
02/27/2009,3.25
03/02/2009,3.375
03/03/2009,3.33
03/04/2009,3.33
03/05/2009,3.285
03/06/2009,3.205
03/09/2009,3.18
03/10/2009,3.13
03/11/2009,3.145
03/12/2009,3.145
03/13/2009,3.09
03/16/2009,3.055
03/17/2009,3.05
03/18/2009,3
03/19/2009,3.02
03/20/2009,3.07
03/23/2009,3.115
03/24/2009,3.135
03/25/2009,3.165
03/26/2009,3.155
03/27/2009,3.145
03/30/2009,3.12
03/31/2009,3.12
04/01/2009,3.12
04/02/2009,3.16
04/03/2009,3.12
04/06/2009,3.11
04/07/2009,3.12
04/08/2009,3.115
04/09/2009,3.115
04/10/2009,3.115
04/13/2009,3.145
04/14/2009,3.14
04/15/2009,3.095
04/16/2009,3.105
04/17/2009,3.09
04/20/2009,3.085
04/21/2009,3.07
04/22/2009,3.08
04/23/2009,3.08
04/24/2009,3.08
04/27/2009,3.04
04/28/2009,3.075
04/29/2009,3.055
04/30/2009,3.06
05/01/2009,3.09
05/04/2009,3.15
05/05/2009,3.13
05/06/2009,3.18
05/07/2009,3.15
05/08/2009,3.14
05/11/2009,3.125
05/12/2009,3.115
05/13/2009,3.12
05/14/2009,3.125
05/15/2009,3.11
05/18/2009,3.14
05/19/2009,3.15
05/20/2009,3.13
05/21/2009,3.15
05/22/2009,3.14
05/25/2009,3.135
05/26/2009,3.16
05/27/2009,3.17
05/28/2009,3.15
05/29/2009,3.17
06/01/2009,3.19
06/02/2009,3.23
06/03/2009,3.25
06/04/2009,3.25
06/05/2009,3.25
06/08/2009,3.265
06/09/2009,3.255
06/10/2009,3.27
06/11/2009,3.29
06/12/2009,3.26
06/15/2009,3.25
06/16/2009,3.25
06/17/2009,3.27
06/18/2009,3.29
06/19/2009,3.25
06/22/2009,3.23
06/23/2009,3.24
06/24/2009,3.24
06/25/2009,3.245
06/26/2009,3.27
06/29/2009,3.2
06/30/2009,3.165
07/01/2009,3.145
07/02/2009,3.13
07/03/2009,3.135
07/06/2009,3.13
07/07/2009,3.11
07/08/2009,3.12
07/09/2009,3.13
07/10/2009,3.125
07/13/2009,3.16
07/14/2009,3.16
07/15/2009,3.14
07/16/2009,3.11
07/17/2009,3.11
07/20/2009,3.125
07/21/2009,3.14
07/22/2009,3.135
07/23/2009,3.12
07/24/2009,3.12
07/27/2009,3.15
07/28/2009,3.17
07/29/2009,3.175
07/30/2009,3.16
07/31/2009,3.16
08/03/2009,3.21
08/04/2009,3.24
08/05/2009,3.31
08/06/2009,3.27
08/07/2009,3.35
08/10/2009,3.31
08/11/2009,3.28
08/12/2009,3.285
08/13/2009,3.285
08/14/2009,3.285
08/17/2009,3.28
08/18/2009,3.26
08/19/2009,3.27
08/20/2009,3.26
08/21/2009,3.32
08/24/2009,3.3
08/25/2009,3.33
08/26/2009,3.34
08/27/2009,3.44
08/28/2009,3.4
08/31/2009,3.36
09/01/2009,3.41
09/02/2009,3.395
09/03/2009,3.42
09/04/2009,3.45
09/07/2009,3.42
09/08/2009,3.41
09/09/2009,3.41
09/10/2009,3.39
09/11/2009,3.44
09/14/2009,3.38
09/15/2009,3.39
09/16/2009,3.385
09/17/2009,3.35
09/18/2009,3.32
09/21/2009,3.28
09/22/2009,3.3
09/23/2009,3.3
09/24/2009,3.265
09/25/2009,3.29
09/28/2009,3.36
09/29/2009,3.365
09/30/2009,3.36
10/01/2009,3.42
10/02/2009,3.42
10/05/2009,3.61
10/06/2009,3.66
10/07/2009,3.755
10/08/2009,3.755
10/09/2009,3.8
10/12/2009,3.79
10/13/2009,3.82
10/14/2009,3.86
10/15/2009,3.905
10/16/2009,3.87
10/19/2009,3.85
10/20/2009,3.87
10/21/2009,3.865
10/22/2009,3.86
10/23/2009,3.855
10/26/2009,3.885
10/27/2009,3.89
10/28/2009,3.91
10/29/2009,3.88
10/30/2009,3.91
11/02/2009,3.86
11/03/2009,3.92
11/04/2009,3.92
11/05/2009,3.95
11/06/2009,3.96
11/09/2009,3.97
11/10/2009,3.99
11/11/2009,4.04
11/12/2009,3.99
11/13/2009,4
11/16/2009,3.95
11/17/2009,3.94
11/18/2009,3.93
11/19/2009,3.92
11/20/2009,3.925
11/23/2009,3.96
11/24/2009,3.99
11/25/2009,3.98
11/26/2009,3.94
11/27/2009,3.995
11/30/2009,4.02
12/01/2009,4.045
12/02/2009,4.045
12/03/2009,4.04
12/04/2009,4.09
12/07/2009,4.11
12/08/2009,4.12
12/09/2009,4.16
12/10/2009,4.15
12/11/2009,4.245
12/14/2009,4.195
12/15/2009,4.105
12/16/2009,4.1
12/17/2009,4.11
12/18/2009,4.05
12/21/2009,4.075
12/22/2009,4.125
12/23/2009,4.195
12/24/2009,4.195
12/25/2009,4.195
12/28/2009,4.26
12/29/2009,4.265
12/30/2009,4.205
12/31/2009,4.205
01/01/2010,4.13
01/04/2010,4.12
01/05/2010,4.14
01/06/2010,4.15
01/07/2010,4.14
01/08/2010,4.17
01/11/2010,4.18
01/12/2010,4.21
01/13/2010,4.24
01/14/2010,4.22
01/15/2010,4.215
01/18/2010,4.185
01/19/2010,4.195
01/20/2010,4.22
01/21/2010,4.24
01/22/2010,4.24
01/25/2010,4.24
01/26/2010,4.275
01/27/2010,4.325
01/28/2010,4.27
01/29/2010,4.24
02/01/2010,4.1
02/02/2010,4.12
02/03/2010,4.115
02/04/2010,4.11
02/05/2010,4.185
02/08/2010,4.17
02/09/2010,4.17
02/10/2010,4.22
02/11/2010,4.215
02/12/2010,4.185
02/15/2010,4.145
02/16/2010,4.155
02/17/2010,4.15
02/18/2010,4.15
02/19/2010,4.16
02/22/2010,4.15
02/23/2010,4.15
02/24/2010,4.165
02/25/2010,4.14
02/26/2010,4.17
03/01/2010,4.25
03/02/2010,4.235
03/03/2010,4.21
03/04/2010,4.215
03/05/2010,4.245
03/08/2010,4.28
03/09/2010,4.32
03/10/2010,4.4
03/11/2010,4.45
03/12/2010,4.37
03/15/2010,4.315
03/16/2010,4.295
03/17/2010,4.29
03/18/2010,4.29
03/19/2010,4.26
03/22/2010,4.29
03/23/2010,4.385
03/24/2010,4.4
03/25/2010,4.4
03/26/2010,4.49
03/29/2010,4.52
03/30/2010,4.435
03/31/2010,4.44
04/01/2010,4.44
04/02/2010,4.44
04/05/2010,4.54
04/06/2010,4.535
04/07/2010,4.53
04/08/2010,4.545
04/09/2010,4.55
04/12/2010,4.58
04/13/2010,4.59
04/14/2010,4.54
04/15/2010,4.515
04/16/2010,4.5
04/19/2010,4.53
04/20/2010,4.54
04/21/2010,4.52
04/22/2010,4.53
04/23/2010,4.53
04/26/2010,4.55
04/27/2010,4.61
04/28/2010,4.63
04/29/2010,4.595
04/30/2010,4.65
05/03/2010,4.71
05/04/2010,4.74
05/05/2010,4.83
05/06/2010,4.85
05/07/2010,4.84
05/10/2010,4.825
05/11/2010,4.89
05/12/2010,4.88
05/13/2010,4.85
05/14/2010,4.83
05/17/2010,4.82
05/18/2010,4.79
05/19/2010,4.72
05/20/2010,4.675
05/21/2010,4.805
05/24/2010,4.82
05/25/2010,4.825
05/26/2010,4.85
05/27/2010,4.88
05/28/2010,4.82
05/31/2010,4.78
06/01/2010,4.825
06/02/2010,4.82
06/03/2010,4.83
06/04/2010,4.835
06/07/2010,4.88
06/08/2010,4.88
06/09/2010,4.9
06/10/2010,4.89
06/11/2010,4.89
06/14/2010,4.87
06/15/2010,4.88
06/16/2010,4.855
06/17/2010,4.92
06/18/2010,4.92
06/21/2010,4.91
06/22/2010,4.93
06/23/2010,4.945
06/24/2010,4.96
06/25/2010,4.96
06/28/2010,4.96
06/29/2010,4.89
06/30/2010,4.86
07/01/2010,4.87
07/02/2010,4.87
07/05/2010,4.83
07/06/2010,4.85
07/07/2010,4.91
07/08/2010,4.89
07/09/2010,4.85
07/12/2010,4.865
07/13/2010,4.87
07/14/2010,4.86
07/15/2010,4.83
07/16/2010,4.83
07/19/2010,4.83
07/20/2010,4.83
07/21/2010,4.81
07/22/2010,4.83
07/23/2010,4.83
07/26/2010,4.84
07/27/2010,4.79
07/28/2010,4.78
07/29/2010,4.76
07/30/2010,4.76
08/02/2010,4.73
08/03/2010,4.74
08/04/2010,4.75
08/05/2010,4.765
08/06/2010,4.76
08/09/2010,4.77
08/10/2010,4.75
08/11/2010,4.76
08/12/2010,4.755
08/13/2010,4.74
08/16/2010,4.76
08/17/2010,4.74
08/18/2010,4.73
08/19/2010,4.725
08/20/2010,4.73
08/23/2010,4.73
08/24/2010,4.71
08/25/2010,4.72
08/26/2010,4.74
08/27/2010,4.76
08/30/2010,4.735
08/31/2010,4.73
09/01/2010,4.735
09/02/2010,4.73
09/03/2010,4.75
09/06/2010,4.755
09/07/2010,4.75
09/08/2010,4.81
09/09/2010,4.8
09/10/2010,4.805
09/13/2010,4.83
09/14/2010,4.79
09/15/2010,4.79
09/16/2010,4.79
09/17/2010,4.8
09/20/2010,4.825
09/21/2010,4.84
09/22/2010,4.84
09/23/2010,4.85
09/24/2010,4.94
09/27/2010,4.92
09/28/2010,4.97
09/29/2010,4.895
09/30/2010,4.925
10/01/2010,4.925
10/04/2010,4.795
10/05/2010,4.82
10/06/2010,4.855
10/07/2010,4.83
10/08/2010,4.825
10/11/2010,4.81
10/12/2010,4.795
10/13/2010,4.8
10/14/2010,4.785
10/15/2010,4.77
10/18/2010,4.78
10/19/2010,4.79
10/20/2010,4.765
10/21/2010,4.775
10/22/2010,4.84
10/25/2010,4.85
10/26/2010,4.775
10/27/2010,4.815
10/28/2010,4.78
10/29/2010,4.815
11/01/2010,4.975
11/02/2010,4.965
11/03/2010,4.96
11/04/2010,4.99
11/05/2010,5.01
11/08/2010,5.02
11/09/2010,5.05
11/10/2010,5.05
11/11/2010,5.05
11/12/2010,5.015
11/15/2010,5.025
11/16/2010,5.035
11/17/2010,5.03
11/18/2010,5.03
11/19/2010,5.02
11/22/2010,5.025
11/23/2010,5.055
11/24/2010,5.06
11/25/2010,5.06
11/26/2010,5.06
11/29/2010,5.02
11/30/2010,5.01
12/01/2010,5
12/02/2010,5.005
12/03/2010,5.005
12/06/2010,5
12/07/2010,5.025
12/08/2010,5.065
12/09/2010,5.1
12/10/2010,5.09
12/13/2010,5.09
12/14/2010,5.075
12/15/2010,5.02
12/16/2010,4.98
12/17/2010,4.98
12/20/2010,4.99
12/21/2010,5
12/22/2010,5.01
12/23/2010,5
12/24/2010,5
12/27/2010,5
12/28/2010,5.02
12/29/2010,5.03
12/30/2010,5.015
12/31/2010,5.015
01/03/2011,4.97
01/04/2011,4.985
01/05/2011,4.98
01/06/2011,5.01
01/07/2011,5
01/10/2011,4.94
01/11/2011,4.95
01/12/2011,4.985
01/13/2011,4.955
01/14/2011,4.97
01/17/2011,4.935
01/18/2011,4.92
01/19/2011,4.925
01/20/2011,4.93
01/21/2011,4.93
01/24/2011,4.955
01/25/2011,4.955
01/26/2011,4.945
01/27/2011,4.95
01/28/2011,4.92
01/31/2011,4.915
02/01/2011,4.905
02/02/2011,4.91
02/03/2011,4.92
02/04/2011,4.91
02/07/2011,4.92
02/08/2011,4.925
02/09/2011,4.935
02/10/2011,4.9
02/11/2011,4.92
02/14/2011,4.905
02/15/2011,4.91
02/16/2011,4.91
02/17/2011,4.92
02/18/2011,4.91
02/21/2011,4.91
02/22/2011,4.915
02/23/2011,4.92
02/24/2011,4.93
02/25/2011,4.96
02/28/2011,4.95
03/01/2011,4.95
03/02/2011,4.945
03/03/2011,4.975
03/04/2011,4.97
03/07/2011,4.965
03/08/2011,4.97
03/09/2011,4.97
03/10/2011,4.985
03/11/2011,4.94
03/14/2011,4.85
03/15/2011,4.87
03/16/2011,4.84
03/17/2011,4.87
03/18/2011,4.855
03/21/2011,4.88
03/22/2011,4.895
03/23/2011,4.88
03/24/2011,4.9
03/25/2011,4.93
03/28/2011,4.93
03/29/2011,4.925
03/30/2011,4.915
03/31/2011,4.9
04/01/2011,4.885
04/04/2011,4.9
04/05/2011,4.895
04/06/2011,4.91
04/07/2011,4.925
04/08/2011,4.9
04/11/2011,4.89
04/12/2011,4.92
04/13/2011,4.91
04/14/2011,4.9
04/15/2011,4.88
04/18/2011,4.87
04/19/2011,4.84
04/20/2011,4.905
04/21/2011,4.905
04/22/2011,4.905
04/25/2011,4.905
04/26/2011,4.93
04/27/2011,4.93
04/28/2011,4.92
04/29/2011,4.935
05/02/2011,4.94
05/03/2011,4.96
05/04/2011,4.95
05/05/2011,5.02
05/06/2011,5.04
05/09/2011,5.04
05/10/2011,5.03
05/11/2011,5.03
05/12/2011,5.03
05/13/2011,4.975
05/16/2011,5.005
05/17/2011,4.99
05/18/2011,5.01
05/19/2011,5.01
05/20/2011,4.985
05/23/2011,5.005
05/24/2011,5.01
05/25/2011,5.04
05/26/2011,5.03
05/27/2011,5.03
05/30/2011,5.005
05/31/2011,5.01
06/01/2011,5.02
06/02/2011,5
06/03/2011,5.015
06/06/2011,5
06/07/2011,5
06/08/2011,4.98
06/09/2011,4.99
06/10/2011,4.99
06/13/2011,5
06/14/2011,5
06/15/2011,4.96
06/16/2011,4.98
06/17/2011,4.97
06/20/2011,4.97
06/21/2011,4.98
06/22/2011,5.005
06/23/2011,5
06/24/2011,4.98
06/27/2011,4.995
06/28/2011,4.98
06/29/2011,4.99
06/30/2011,4.98
07/01/2011,4.965
07/04/2011,4.95
07/05/2011,4.97
07/06/2011,4.97
07/07/2011,4.97
07/08/2011,4.955
07/11/2011,4.935
07/12/2011,4.94
07/13/2011,4.975
07/14/2011,4.93
07/15/2011,4.865
07/18/2011,4.865
07/19/2011,4.895
07/20/2011,4.9
07/21/2011,4.95
07/22/2011,4.96
07/25/2011,4.98
07/26/2011,5.03
07/27/2011,5.02
07/28/2011,5.035
07/29/2011,5.035
08/01/2011,4.95
08/02/2011,4.925
08/03/2011,4.99
08/04/2011,4.865
08/05/2011,4.885
08/08/2011,4.77
08/09/2011,4.85
08/10/2011,4.83
08/11/2011,4.86
08/12/2011,4.895
08/15/2011,4.84
08/16/2011,4.88
08/17/2011,4.81
08/18/2011,4.79
08/19/2011,4.79
08/22/2011,4.83
08/23/2011,4.815
08/24/2011,4.825
08/25/2011,4.85
08/26/2011,4.875
08/29/2011,4.88
08/30/2011,4.86
08/31/2011,4.835
09/01/2011,4.815
09/02/2011,4.77
09/05/2011,4.8
09/06/2011,4.83
09/07/2011,4.825
09/08/2011,4.88
09/09/2011,4.86
09/12/2011,4.86
09/13/2011,4.825
09/14/2011,4.845
09/15/2011,4.78
09/16/2011,4.75
09/19/2011,4.75
09/20/2011,4.77
09/21/2011,4.755
09/22/2011,4.76
09/23/2011,4.77
09/26/2011,4.82
09/27/2011,4.82
09/28/2011,4.835
09/29/2011,4.86
09/30/2011,4.86
10/03/2011,4.69
10/04/2011,4.72
10/05/2011,4.72
10/06/2011,4.72
10/07/2011,4.71
10/10/2011,4.72
10/11/2011,4.72
10/12/2011,4.795
10/13/2011,4.785
10/14/2011,4.77
10/17/2011,4.74
10/18/2011,4.74
10/19/2011,4.73
10/20/2011,4.72
10/21/2011,4.72
10/24/2011,4.735
10/25/2011,4.63
10/26/2011,4.7
10/27/2011,4.72
10/28/2011,4.71
10/31/2011,4.625
11/01/2011,4.63
11/02/2011,4.64
11/03/2011,4.65
11/04/2011,4.655
11/07/2011,4.68
11/08/2011,4.68
11/09/2011,4.63
11/10/2011,4.66
11/11/2011,4.66
11/14/2011,4.635
11/15/2011,4.59
11/16/2011,4.595
11/17/2011,4.61
11/18/2011,4.61
11/21/2011,4.605
11/22/2011,4.61
11/23/2011,4.595
11/24/2011,4.585
11/25/2011,4.595
11/28/2011,4.58
11/29/2011,4.575
11/30/2011,4.56
12/01/2011,4.565
12/02/2011,4.56
12/05/2011,4.49
12/06/2011,4.52
12/07/2011,4.505
12/08/2011,4.515
12/09/2011,4.54
12/12/2011,4.53
12/13/2011,4.53
12/14/2011,4.525
12/15/2011,4.44
12/16/2011,4.44
12/19/2011,4.45
12/20/2011,4.47
12/21/2011,4.47
12/22/2011,4.53
12/23/2011,4.53
12/26/2011,4.53
12/27/2011,4.52
12/28/2011,4.505
12/29/2011,4.495
12/30/2011,4.495
01/02/2012,4.43
01/03/2012,4.45
01/04/2012,4.445
01/05/2012,4.45
01/06/2012,4.44
01/09/2012,4.47
01/10/2012,4.47
01/11/2012,4.47
01/12/2012,4.465
01/13/2012,4.39
01/16/2012,4.4
01/17/2012,4.39
01/18/2012,4.36
01/19/2012,4.37
01/20/2012,4.36
01/23/2012,4.36
01/24/2012,4.4
01/25/2012,4.4
01/26/2012,4.37
01/27/2012,4.37
01/30/2012,4.34
01/31/2012,4.31
02/01/2012,4.31
02/02/2012,4.29
02/03/2012,4.28
02/06/2012,4.395
02/07/2012,4.42
02/08/2012,4.39
02/09/2012,4.36
02/10/2012,4.38
02/13/2012,4.355
02/14/2012,4.35
02/15/2012,4.37
02/16/2012,4.36
02/17/2012,4.36
02/20/2012,4.35
02/21/2012,4.357
02/22/2012,4.38
02/23/2012,4.412
02/24/2012,4.45
02/27/2012,4.45
02/28/2012,4.452
02/29/2012,4.44
03/01/2012,4.453
03/02/2012,4.45
03/05/2012,4.492
03/06/2012,4.48
03/07/2012,4.48
03/08/2012,4.51
03/09/2012,4.52
03/12/2012,4.49
03/13/2012,4.48
03/14/2012,4.457
03/15/2012,4.43
03/16/2012,4.43
03/19/2012,4.43
03/20/2012,4.43
03/21/2012,4.42
03/22/2012,4.45
03/23/2012,4.43
03/26/2012,4.43
03/27/2012,4.42
03/28/2012,4.332
03/29/2012,4.3
03/30/2012,4.26
04/02/2012,4.31
04/03/2012,4.31
04/04/2012,4.297
04/05/2012,4.297
04/06/2012,4.297
04/09/2012,4.26
04/10/2012,4.252
04/11/2012,4.28
04/12/2012,4.257
04/13/2012,4.21
04/16/2012,4.21
04/17/2012,4.19
04/18/2012,4.16
04/19/2012,4.17
04/20/2012,4.16
04/23/2012,4.08
04/24/2012,4.08
04/25/2012,4.11
04/26/2012,4.08
04/27/2012,4.04
04/30/2012,3.827
05/01/2012,3.87
05/02/2012,3.867
05/03/2012,3.845
05/04/2012,3.76
05/07/2012,3.76
05/08/2012,3.72
05/09/2012,3.772
05/10/2012,3.785
05/11/2012,3.77
05/14/2012,3.76
05/15/2012,3.71
05/16/2012,3.71
05/17/2012,3.527
05/18/2012,3.47
05/21/2012,3.48
05/22/2012,3.46
05/23/2012,3.475
05/24/2012,3.51
05/25/2012,3.527
05/28/2012,3.53
05/29/2012,3.51
05/30/2012,3.44
05/31/2012,3.36
06/01/2012,3.27
06/04/2012,3.418
06/05/2012,3.45
06/06/2012,3.515
06/07/2012,3.532
06/08/2012,3.532
06/11/2012,3.52
06/12/2012,3.53
06/13/2012,3.537
06/14/2012,3.545
06/15/2012,3.5
06/18/2012,3.49
06/19/2012,3.53
06/20/2012,3.528
06/21/2012,3.504
06/22/2012,3.51
06/25/2012,3.51
06/26/2012,3.537
06/27/2012,3.518
06/28/2012,3.54
06/29/2012,3.55
07/02/2012,3.57
07/03/2012,3.58
07/04/2012,3.55
07/05/2012,3.577
07/06/2012,3.55
07/09/2012,3.56
07/10/2012,3.56
07/11/2012,3.537
07/12/2012,3.53
07/13/2012,3.503
07/16/2012,3.54
07/17/2012,3.54
07/18/2012,3.532
07/19/2012,3.52
07/20/2012,3.48
07/23/2012,3.52
07/24/2012,3.5
07/25/2012,3.54
07/26/2012,3.58
07/27/2012,3.59
07/30/2012,3.575
07/31/2012,3.556
08/01/2012,3.58
08/02/2012,3.58
08/03/2012,3.58
08/06/2012,3.63
08/07/2012,3.63
08/08/2012,3.64
08/09/2012,3.63
08/10/2012,3.64
08/13/2012,3.648
08/14/2012,3.63
08/15/2012,3.63
08/16/2012,3.63
08/17/2012,3.62
08/20/2012,3.62
08/21/2012,3.61
08/22/2012,3.619
08/23/2012,3.618
08/24/2012,3.62
08/27/2012,3.62
08/28/2012,3.62
08/29/2012,3.62
08/30/2012,3.608
08/31/2012,3.55
09/03/2012,3.56
09/04/2012,3.54
09/05/2012,3.565
09/06/2012,3.58
09/07/2012,3.57
09/10/2012,3.57
09/11/2012,3.58
09/12/2012,3.57
09/13/2012,3.56
09/14/2012,3.54
09/17/2012,3.5
09/18/2012,3.45
09/19/2012,3.4
09/20/2012,3.4
09/21/2012,3.39
09/24/2012,3.39
09/25/2012,3.38
09/26/2012,3.36
09/27/2012,3.36
09/28/2012,3.36
10/01/2012,3.23
10/02/2012,3.17
10/03/2012,3.183
10/04/2012,3.21
10/05/2012,3.18
10/08/2012,3.16
10/09/2012,3.18
10/10/2012,3.187
10/11/2012,3.2
10/12/2012,3.177
10/15/2012,3.13
10/16/2012,3.15
10/17/2012,3.163
10/18/2012,3.13
10/19/2012,3.087
10/22/2012,3.102
10/23/2012,3.17
10/24/2012,3.19
10/25/2012,3.17
10/26/2012,3.143
10/29/2012,3.14
10/30/2012,3.138
10/31/2012,3.13
11/01/2012,3.133
11/02/2012,3.14
11/05/2012,3.243
11/06/2012,3.23
11/07/2012,3.263
11/08/2012,3.247
11/09/2012,3.26
11/12/2012,3.267
11/13/2012,3.28
11/14/2012,3.27
11/15/2012,3.253
11/16/2012,3.235
11/19/2012,3.235
11/20/2012,3.25
11/21/2012,3.26
11/22/2012,3.26
11/23/2012,3.27
11/26/2012,3.29
11/27/2012,3.29
11/28/2012,3.28
11/29/2012,3.238
11/30/2012,3.112
12/03/2012,3.09
12/04/2012,3.097
12/05/2012,3.098
12/06/2012,3.094
12/07/2012,3.11
12/10/2012,3.11
12/11/2012,3.11
12/12/2012,3.12
12/13/2012,3.14
12/14/2012,3.1
12/17/2012,3.12
12/18/2012,3.13
12/19/2012,3.134
12/20/2012,3.13
12/21/2012,3.14
12/24/2012,3.14
12/25/2012,3.14
12/26/2012,3.131
12/27/2012,3.11
12/28/2012,3.07
12/31/2012,3.07
01/01/2013,3.04
01/02/2013,3
01/03/2013,3.01
01/04/2013,3.003
01/07/2013,3.03
01/08/2013,3.015
01/09/2013,3.05
01/10/2013,3.06
01/11/2013,3.04
01/14/2013,3.04
01/15/2013,2.99
01/16/2013,2.97
01/17/2013,3.005
01/18/2013,2.98
01/21/2013,2.97
01/22/2013,2.97
01/23/2013,2.97
01/24/2013,2.98
01/25/2013,2.98
01/28/2013,2.99
01/29/2013,2.988
01/30/2013,2.95
01/31/2013,2.95
02/01/2013,2.95
02/04/2013,2.96
02/05/2013,2.94
02/06/2013,2.94
02/07/2013,2.95
02/08/2013,2.94
02/11/2013,2.95
02/12/2013,2.95
02/13/2013,2.94
02/14/2013,2.92
02/15/2013,2.91
02/18/2013,2.92
02/19/2013,2.94
02/20/2013,2.93
02/21/2013,2.96
02/22/2013,2.973
02/25/2013,2.94
02/26/2013,2.946
02/27/2013,2.97
02/28/2013,2.955
03/01/2013,2.951
03/04/2013,2.98
03/05/2013,2.99
03/06/2013,3
03/07/2013,3.03
03/08/2013,3.062
03/11/2013,3.08
03/12/2013,3.06
03/13/2013,3.106
03/14/2013,3.11
03/15/2013,3.04
03/18/2013,3.05
03/19/2013,3.06
03/20/2013,3.06
03/21/2013,3.077
03/22/2013,3.068
03/25/2013,3.05
03/26/2013,3.097
03/27/2013,3.088
03/28/2013,3.088
03/29/2013,3.088
04/01/2013,3.06
04/02/2013,3.07
04/03/2013,3.07
04/04/2013,3.07
04/05/2013,3.075
04/08/2013,3.06
04/09/2013,3.09
04/10/2013,3.07
04/11/2013,3.06
04/12/2013,3.04
04/15/2013,3.02
04/16/2013,3.013
04/17/2013,2.989
04/18/2013,2.99
04/19/2013,2.96
04/22/2013,2.96
04/23/2013,2.946
04/24/2013,2.946
04/25/2013,2.946
04/26/2013,2.932
04/29/2013,2.93
04/30/2013,2.908
05/01/2013,2.88
05/02/2013,2.86
05/03/2013,2.89
05/06/2013,2.787
05/07/2013,2.79
05/08/2013,2.798
05/09/2013,2.825
05/10/2013,2.81
05/13/2013,2.81
05/14/2013,2.795
05/15/2013,2.794
05/16/2013,2.793
05/17/2013,2.78
05/20/2013,2.8
05/21/2013,2.8
05/22/2013,2.795
05/23/2013,2.803
05/24/2013,2.808
05/27/2013,2.82
05/28/2013,2.82
05/29/2013,2.82
05/30/2013,2.816
05/31/2013,2.78
06/03/2013,2.81
06/04/2013,2.79
06/05/2013,2.78
06/06/2013,2.784
06/07/2013,2.784
06/10/2013,2.78
06/11/2013,2.79
06/12/2013,2.82
06/13/2013,2.811
06/14/2013,2.78
06/17/2013,2.79
06/18/2013,2.78
06/19/2013,2.799
06/20/2013,2.809
06/21/2013,2.82
06/24/2013,2.829
06/25/2013,2.83
06/26/2013,2.83
06/27/2013,2.817
06/28/2013,2.81
07/01/2013,2.82
07/02/2013,2.818
07/03/2013,2.827
07/04/2013,2.827
07/05/2013,2.831
07/08/2013,2.79
07/09/2013,2.8
07/10/2013,2.779
07/11/2013,2.75
07/12/2013,2.73
07/15/2013,2.751
07/16/2013,2.744
07/17/2013,2.73
07/18/2013,2.72
07/19/2013,2.71
07/22/2013,2.729
07/23/2013,2.741
07/24/2013,2.73
07/25/2013,2.73
07/26/2013,2.71
07/29/2013,2.68
07/30/2013,2.662
07/31/2013,2.615
08/01/2013,2.6
08/02/2013,2.6
08/05/2013,2.598
08/06/2013,2.59
08/07/2013,2.6
08/08/2013,2.597
08/09/2013,2.603
08/12/2013,2.618
08/13/2013,2.622
08/14/2013,2.618
08/15/2013,2.588
08/16/2013,2.586
08/19/2013,2.588
08/20/2013,2.589
08/21/2013,2.6
08/22/2013,2.599
08/23/2013,2.6
08/26/2013,2.593
08/27/2013,2.6
08/28/2013,2.59
08/29/2013,2.585
08/30/2013,2.56
09/02/2013,2.57
09/03/2013,2.58
09/04/2013,2.59
09/05/2013,2.59
09/06/2013,2.58
09/09/2013,2.6
09/10/2013,2.58
09/11/2013,2.58
09/12/2013,2.59
09/13/2013,2.57
09/16/2013,2.58
09/17/2013,2.56
09/18/2013,2.55
09/19/2013,2.55
09/20/2013,2.58
09/23/2013,2.57
09/24/2013,2.571
09/25/2013,2.58
09/26/2013,2.586
09/27/2013,2.578
09/30/2013,2.58
10/01/2013,2.57
10/02/2013,2.564
10/03/2013,2.57
10/04/2013,2.57
10/07/2013,2.57
10/08/2013,2.56
10/09/2013,2.588
10/10/2013,2.6
10/11/2013,2.58
10/14/2013,2.58
10/15/2013,2.59
10/16/2013,2.58
10/17/2013,2.57
10/18/2013,2.56
10/21/2013,2.58
10/22/2013,2.59
10/23/2013,2.591
10/24/2013,2.591
10/25/2013,2.605
10/28/2013,2.605
10/29/2013,2.59
10/30/2013,2.585
10/31/2013,2.58
11/01/2013,2.58
11/04/2013,2.58
11/05/2013,2.58
11/06/2013,2.58
11/07/2013,2.58
11/08/2013,2.58
11/11/2013,2.59
11/12/2013,2.59
11/13/2013,2.58
11/14/2013,2.58
11/15/2013,2.58
11/18/2013,2.58
11/19/2013,2.579
11/20/2013,2.58
11/21/2013,2.58
11/22/2013,2.584
11/25/2013,2.59
11/26/2013,2.6
11/27/2013,2.61
11/28/2013,2.59
11/29/2013,2.58
12/02/2013,2.59
12/03/2013,2.596
12/04/2013,2.6
12/05/2013,2.59
12/06/2013,2.59
12/09/2013,2.59
12/10/2013,2.591
12/11/2013,2.609
12/12/2013,2.611
12/13/2013,2.59
12/16/2013,2.59
12/17/2013,2.6
12/18/2013,2.613
12/19/2013,2.611
12/20/2013,2.616
12/23/2013,2.621
12/24/2013,2.621
12/25/2013,2.621
12/26/2013,2.63
12/27/2013,2.64
12/30/2013,2.633
12/31/2013,2.633
01/01/2014,2.601
01/02/2014,2.6
01/03/2014,2.623
01/06/2014,2.62
01/07/2014,2.625
01/08/2014,2.634
01/09/2014,2.64
01/10/2014,2.64
01/13/2014,2.64
01/14/2014,2.638
01/15/2014,2.6
01/16/2014,2.6
01/17/2014,2.59
01/20/2014,2.591
01/21/2014,2.611
01/22/2014,2.623
01/23/2014,2.613
01/24/2014,2.613
01/27/2014,2.63
01/28/2014,2.63
01/29/2014,2.63
01/30/2014,2.628
01/31/2014,2.61
02/03/2014,2.62
02/04/2014,2.62
02/05/2014,2.628
02/06/2014,2.63
02/07/2014,2.63
02/10/2014,2.63
02/11/2014,2.64
02/12/2014,2.63
02/13/2014,2.628
02/14/2014,2.62
02/17/2014,2.62
02/18/2014,2.62
02/19/2014,2.621
02/20/2014,2.63
02/21/2014,2.63
02/24/2014,2.626
02/25/2014,2.629
02/26/2014,2.625
02/27/2014,2.62
02/28/2014,2.62
03/03/2014,2.63
03/04/2014,2.64
03/05/2014,2.65
03/06/2014,2.65
03/07/2014,2.643
03/10/2014,2.64
03/11/2014,2.65
03/12/2014,2.653
03/13/2014,2.65
03/14/2014,2.655
03/17/2014,2.653
03/18/2014,2.66
03/19/2014,2.658
03/20/2014,2.653
03/21/2014,2.66
03/24/2014,2.65
03/25/2014,2.673
03/26/2014,2.677
03/27/2014,2.7
03/28/2014,2.668
03/31/2014,2.66
04/01/2014,2.66
04/02/2014,2.67
04/03/2014,2.68
04/04/2014,2.69
04/07/2014,2.69
04/08/2014,2.68
04/09/2014,2.7
04/10/2014,2.7
04/11/2014,2.7
04/14/2014,2.69
04/15/2014,2.66
04/16/2014,2.67
04/17/2014,2.67
04/18/2014,2.67
04/21/2014,2.67
04/22/2014,2.67
04/23/2014,2.68
04/24/2014,2.68
04/25/2014,2.678
04/28/2014,2.68
04/29/2014,2.677
04/30/2014,2.67
05/01/2014,2.68
05/02/2014,2.68
05/05/2014,2.67
05/06/2014,2.67
05/07/2014,2.675
05/08/2014,2.67
05/09/2014,2.67
05/12/2014,2.69
05/13/2014,2.7
05/14/2014,2.69
05/15/2014,2.69
05/16/2014,2.682
05/19/2014,2.68
05/20/2014,2.68
05/21/2014,2.698
05/22/2014,2.7
05/23/2014,2.7
05/26/2014,2.7
05/27/2014,2.71
05/28/2014,2.707
05/29/2014,2.697
05/30/2014,2.69
06/02/2014,2.688
06/03/2014,2.69
06/04/2014,2.685
06/05/2014,2.68
06/06/2014,2.68
06/09/2014,2.68
06/10/2014,2.685
06/11/2014,2.692
06/12/2014,2.7
06/13/2014,2.683
06/16/2014,2.69
06/17/2014,2.7
06/18/2014,2.7
06/19/2014,2.7
06/20/2014,2.71
06/23/2014,2.71
06/24/2014,2.73
06/25/2014,2.72
06/26/2014,2.71
06/27/2014,2.69
06/30/2014,2.68
07/01/2014,2.68
07/02/2014,2.67
07/03/2014,2.667
07/04/2014,2.66
07/07/2014,2.64
07/08/2014,2.643
07/09/2014,2.63
07/10/2014,2.633
07/11/2014,2.655
07/14/2014,2.655
07/15/2014,2.648
07/16/2014,2.647
07/17/2014,2.642
07/18/2014,2.62
07/21/2014,2.64
07/22/2014,2.65
07/23/2014,2.64
07/24/2014,2.64
07/25/2014,2.65
07/28/2014,2.65
07/29/2014,2.65
07/30/2014,2.65
07/31/2014,2.64
08/01/2014,2.64
08/04/2014,2.64
08/05/2014,2.64
08/06/2014,2.63
08/07/2014,2.622
08/08/2014,2.63
08/11/2014,2.63
08/12/2014,2.64
08/13/2014,2.64
08/14/2014,2.637
08/15/2014,2.63
08/18/2014,2.63
08/19/2014,2.623
08/20/2014,2.63
08/21/2014,2.632
08/22/2014,2.63
08/25/2014,2.63
08/26/2014,2.63
08/27/2014,2.63
08/28/2014,2.63
08/29/2014,2.62
09/01/2014,2.625
09/02/2014,2.63
09/03/2014,2.63
09/04/2014,2.63
09/05/2014,2.627
09/08/2014,2.63
09/09/2014,2.627
09/10/2014,2.64
09/11/2014,2.65
09/12/2014,2.65
09/15/2014,2.64
09/16/2014,2.64
09/17/2014,2.65
09/18/2014,2.65
09/19/2014,2.67
09/22/2014,2.67
09/23/2014,2.71
09/24/2014,2.72
09/25/2014,2.725
09/26/2014,2.738
09/29/2014,2.708
09/30/2014,2.7
10/01/2014,2.7
10/02/2014,2.708
10/03/2014,2.708
10/06/2014,2.707
10/07/2014,2.7
10/08/2014,2.71
10/09/2014,2.72
10/10/2014,2.71
10/13/2014,2.712
10/14/2014,2.71
10/15/2014,2.695
10/16/2014,2.71
10/17/2014,2.72
10/20/2014,2.72
10/21/2014,2.73
10/22/2014,2.73
10/23/2014,2.74
10/24/2014,2.74
10/27/2014,2.74
10/28/2014,2.74
10/29/2014,2.74
10/30/2014,2.74
10/31/2014,2.73
11/03/2014,2.74
11/04/2014,2.74
11/05/2014,2.75
11/06/2014,2.765
11/07/2014,2.77
11/10/2014,2.77
11/11/2014,2.775
11/12/2014,2.78
11/13/2014,2.775
11/14/2014,2.77
11/17/2014,2.76
11/18/2014,2.75
11/19/2014,2.74
11/20/2014,2.74
11/21/2014,2.73
11/24/2014,2.738
11/25/2014,2.74
11/26/2014,2.74
11/27/2014,2.74
11/28/2014,2.73
12/01/2014,2.74
12/02/2014,2.73
12/03/2014,2.73
12/04/2014,2.71
12/05/2014,2.72
12/08/2014,2.72
12/09/2014,2.73
12/10/2014,2.74
12/11/2014,2.752
12/12/2014,2.733
12/15/2014,2.74
12/16/2014,2.75
12/17/2014,2.77
12/18/2014,2.78
12/19/2014,2.78
12/22/2014,2.78
12/23/2014,2.778
12/24/2014,2.778
12/25/2014,2.778
12/26/2014,2.78
12/29/2014,2.78
12/30/2014,2.78
12/31/2014,2.78
01/01/2015,2.75
01/02/2015,2.75
01/05/2015,2.74
01/06/2015,2.73
01/07/2015,2.738
01/08/2015,2.733
01/09/2015,2.732
01/12/2015,2.735
01/13/2015,2.74
01/14/2015,2.737
01/15/2015,2.72
01/16/2015,2.73
01/19/2015,2.722
01/20/2015,2.71
01/21/2015,2.66
01/22/2015,2.65
01/23/2015,2.65
01/26/2015,2.65
01/27/2015,2.7
01/28/2015,2.58
01/29/2015,2.54
01/30/2015,2.487
02/02/2015,2.37
02/03/2015,2.395
02/04/2015,2.4
02/05/2015,2.405
02/06/2015,2.39
02/09/2015,2.39
02/10/2015,2.39
02/11/2015,2.34
02/12/2015,2.33
02/13/2015,2.322
02/16/2015,2.34
02/17/2015,2.33
02/18/2015,2.33
02/19/2015,2.33
02/20/2015,2.32
02/23/2015,2.32
02/24/2015,2.34
02/25/2015,2.33
02/26/2015,2.31
02/27/2015,2.28
03/02/2015,2.35
03/03/2015,2.35
03/04/2015,2.34
03/05/2015,2.34
03/06/2015,2.34
03/09/2015,2.338
03/10/2015,2.33
03/11/2015,2.33
03/12/2015,2.32
03/13/2015,2.32
03/16/2015,2.328
03/17/2015,2.312
03/18/2015,2.28
03/19/2015,2.29
03/20/2015,2.272
03/23/2015,2.267
03/24/2015,2.24
03/25/2015,2.23
03/26/2015,2.23
03/27/2015,2.223
03/30/2015,2.213
03/31/2015,2.195
04/01/2015,2.178
04/02/2015,2.178
04/03/2015,2.178
04/06/2015,2.268
04/07/2015,2.267
04/08/2015,2.26
04/09/2015,2.26
04/10/2015,2.26
04/13/2015,2.26
04/14/2015,2.26
04/15/2015,2.262
04/16/2015,2.26
04/17/2015,2.26
04/20/2015,2.25
04/21/2015,2.265
04/22/2015,2.27
04/23/2015,2.258
04/24/2015,2.25
04/27/2015,2.25
04/28/2015,2.258
04/29/2015,2.25
04/30/2015,2.2
05/01/2015,2.17
05/04/2015,2.13
05/05/2015,2.15
05/06/2015,2.16
05/07/2015,2.16
05/08/2015,2.147
05/11/2015,2.158
05/12/2015,2.15
05/13/2015,2.142
05/14/2015,2.133
05/15/2015,2.14
05/18/2015,2.14
05/19/2015,2.14
05/20/2015,2.13
05/21/2015,2.13
05/22/2015,2.13
05/25/2015,2.14
05/26/2015,2.15
05/27/2015,2.142
05/28/2015,2.135
05/29/2015,2.13
06/01/2015,2.14
06/02/2015,2.15
06/03/2015,2.15
06/04/2015,2.15
06/05/2015,2.15
06/08/2015,2.15
06/09/2015,2.15
06/10/2015,2.16
06/11/2015,2.16
06/12/2015,2.152
06/15/2015,2.15
06/16/2015,2.16
06/17/2015,2.15
06/18/2015,2.14
06/19/2015,2.15
06/22/2015,2.15
06/23/2015,2.152
06/24/2015,2.153
06/25/2015,2.157
06/26/2015,2.14
06/29/2015,2.14
06/30/2015,2.14
07/01/2015,2.14
07/02/2015,2.15
07/03/2015,2.14
07/06/2015,2.14
07/07/2015,2.148
07/08/2015,2.15
07/09/2015,2.15
07/10/2015,2.15
07/13/2015,2.15
07/14/2015,2.15
07/15/2015,2.14
07/16/2015,2.14
07/17/2015,2.14
07/20/2015,2.148
07/21/2015,2.14
07/22/2015,2.14
07/23/2015,2.138
07/24/2015,2.13
07/27/2015,2.13
07/28/2015,2.13
07/29/2015,2.14
07/30/2015,2.15
07/31/2015,2.15
08/03/2015,2.138
08/04/2015,2.15
08/05/2015,2.15
08/06/2015,2.15
08/07/2015,2.15
08/10/2015,2.15
08/11/2015,2.148
08/12/2015,2.15
08/13/2015,2.14
08/14/2015,2.14
08/17/2015,2.14
08/18/2015,2.14
08/19/2015,2.14
08/20/2015,2.13
08/21/2015,2.11
08/24/2015,2.12
08/25/2015,2.12
08/26/2015,2.12
08/27/2015,2.13
08/28/2015,2.143
08/31/2015,2.13
09/01/2015,2.13
09/02/2015,2.14
09/03/2015,2.15
09/04/2015,2.15
09/07/2015,2.16
09/08/2015,2.17
09/09/2015,2.18
09/10/2015,2.18
09/11/2015,2.17
09/14/2015,2.17
09/15/2015,2.17
09/16/2015,2.17
09/17/2015,2.18
09/18/2015,2.18
09/21/2015,2.18
09/22/2015,2.18
09/23/2015,2.188
09/24/2015,2.188
09/25/2015,2.19
09/28/2015,2.18
09/29/2015,2.19
09/30/2015,2.16
10/01/2015,2.168
10/02/2015,2.168
10/05/2015,2.17
10/06/2015,2.17
10/07/2015,2.17
10/08/2015,2.18
10/09/2015,2.18
10/12/2015,2.18
10/13/2015,2.15
10/14/2015,2.15
10/15/2015,2.13
10/16/2015,2.138
10/19/2015,2.15
10/20/2015,2.16
10/21/2015,2.158
10/22/2015,2.157
10/23/2015,2.15
10/26/2015,2.14
10/27/2015,2.097
10/28/2015,2.093
10/29/2015,2.102
10/30/2015,2.1
11/02/2015,2.16
11/03/2015,2.172
11/04/2015,2.19
11/05/2015,2.19
11/06/2015,2.2
11/09/2015,2.198
11/10/2015,2.2
11/11/2015,2.223
11/12/2015,2.233
11/13/2015,2.22
11/16/2015,2.23
11/17/2015,2.232
11/18/2015,2.24
11/19/2015,2.247
11/20/2015,2.25
11/23/2015,2.26
11/24/2015,2.26
11/25/2015,2.267
11/26/2015,2.27
11/27/2015,2.257
11/30/2015,2.27
12/01/2015,2.28
12/02/2015,2.298
12/03/2015,2.3
12/04/2015,2.31
12/07/2015,2.3
12/08/2015,2.35
12/09/2015,2.347
12/10/2015,2.34
12/11/2015,2.35
12/14/2015,2.358
12/15/2015,2.348
12/16/2015,2.35
12/17/2015,2.35
12/18/2015,2.35
12/21/2015,2.352
12/22/2015,2.373
12/23/2015,2.37
12/24/2015,2.37
12/25/2015,2.37
12/28/2015,2.365
12/29/2015,2.36
12/30/2015,2.38
12/31/2015,2.38
01/01/2016,2.33
01/04/2016,2.335
01/05/2016,2.33
01/06/2016,2.32
01/07/2016,2.32
01/08/2016,2.32
01/11/2016,2.328
01/12/2016,2.31
01/13/2016,2.3
01/14/2016,2.3
01/15/2016,2.29
01/18/2016,2.288
01/19/2016,2.275
01/20/2016,2.27
01/21/2016,2.27
01/22/2016,2.27
01/25/2016,2.27
01/26/2016,2.298
01/27/2016,2.28
01/28/2016,2.28
01/29/2016,2.27
02/01/2016,2.275
02/02/2016,2.278
02/03/2016,2.29
02/04/2016,2.29
02/05/2016,2.28
02/08/2016,2.275
02/09/2016,2.28
02/10/2016,2.28
02/11/2016,2.28
02/12/2016,2.28
02/15/2016,2.28
02/16/2016,2.28
02/17/2016,2.273
02/18/2016,2.28
02/19/2016,2.28
02/22/2016,2.28
02/23/2016,2.28
02/24/2016,2.29
02/25/2016,2.29
02/26/2016,2.283
02/29/2016,2.285
03/01/2016,2.3
03/02/2016,2.31
03/03/2016,2.318
03/04/2016,2.313
03/07/2016,2.32
03/08/2016,2.32
03/09/2016,2.32
03/10/2016,2.33
03/11/2016,2.33
03/14/2016,2.32
03/15/2016,2.33
03/16/2016,2.32
03/17/2016,2.33
03/18/2016,2.32
03/21/2016,2.32
03/22/2016,2.32
03/23/2016,2.3
03/24/2016,2.3
03/25/2016,2.3
03/28/2016,2.3
03/29/2016,2.28
03/30/2016,2.285
03/31/2016,2.28
04/01/2016,2.28
04/04/2016,2.27
04/05/2016,2.27
04/06/2016,2.268
04/07/2016,2.25
04/08/2016,2.26
04/11/2016,2.265
04/12/2016,2.27
04/13/2016,2.29
04/14/2016,2.29
04/15/2016,2.28
04/18/2016,2.288
04/19/2016,2.278
04/20/2016,2.273
04/21/2016,2.27
04/22/2016,2.27
04/25/2016,2.27
04/26/2016,2.18
04/27/2016,2.16
04/28/2016,2.145
04/29/2016,2.14
05/02/2016,2.028
05/03/2016,2.04
05/04/2016,2.04
05/05/2016,2
05/06/2016,1.99
05/09/2016,1.995
05/10/2016,2.01
05/11/2016,1.998
05/12/2016,1.99
05/13/2016,1.98
05/16/2016,2.005
05/17/2016,1.998
05/18/2016,1.998
05/19/2016,1.99
05/20/2016,2
05/23/2016,1.998
05/24/2016,1.99
05/25/2016,1.978
05/26/2016,1.97
05/27/2016,1.98
05/30/2016,1.98
05/31/2016,2
06/01/2016,2
06/02/2016,1.995
06/03/2016,1.988
06/06/2016,2
06/07/2016,2.023
06/08/2016,2.02
06/09/2016,2.01
06/10/2016,2.01
06/13/2016,2.02
06/14/2016,2.015
06/15/2016,2
06/16/2016,1.995
06/17/2016,1.998
06/20/2016,2
06/21/2016,2
06/22/2016,2
06/23/2016,1.94
06/24/2016,1.945
06/27/2016,1.95
06/28/2016,1.953
06/29/2016,1.96
06/30/2016,1.955
07/01/2016,1.96
07/04/2016,1.97
07/05/2016,1.96
07/06/2016,1.97
07/07/2016,1.97
07/08/2016,1.96
07/11/2016,1.97
07/12/2016,1.97
07/13/2016,1.96
07/14/2016,1.953
07/15/2016,1.95
07/18/2016,1.93
07/19/2016,1.93
07/20/2016,1.91
07/21/2016,1.895
07/22/2016,1.885
07/25/2016,1.87
07/26/2016,1.89
07/27/2016,1.87
07/28/2016,1.86
07/29/2016,1.86
08/01/2016,1.79
08/02/2016,1.8
08/03/2016,1.795
08/04/2016,1.79
08/05/2016,1.79
08/08/2016,1.788
08/09/2016,1.77
08/10/2016,1.76
08/11/2016,1.755
08/12/2016,1.76
08/15/2016,1.758
08/16/2016,1.758
08/17/2016,1.75
08/18/2016,1.74
08/19/2016,1.73
08/22/2016,1.73
08/23/2016,1.73
08/24/2016,1.72
08/25/2016,1.73
08/26/2016,1.73
08/29/2016,1.73
08/30/2016,1.73
08/31/2016,1.73
09/01/2016,1.73
09/02/2016,1.72
09/05/2016,1.718
09/06/2016,1.728
09/07/2016,1.72
09/08/2016,1.73
09/09/2016,1.73
09/12/2016,1.735
09/13/2016,1.74
09/14/2016,1.733
09/15/2016,1.74
09/16/2016,1.73
09/19/2016,1.73
09/20/2016,1.73
09/21/2016,1.73
09/22/2016,1.733
09/23/2016,1.74
09/26/2016,1.738
09/27/2016,1.74
09/28/2016,1.74
09/29/2016,1.738
09/30/2016,1.738
10/03/2016,1.73
10/04/2016,1.73
10/05/2016,1.733
10/06/2016,1.73
10/07/2016,1.73
10/10/2016,1.74
10/11/2016,1.75
10/12/2016,1.75
10/13/2016,1.75
10/14/2016,1.75
10/17/2016,1.75
10/18/2016,1.75
10/19/2016,1.74
10/20/2016,1.745
10/21/2016,1.75
10/24/2016,1.75
10/25/2016,1.755
10/26/2016,1.76
10/27/2016,1.76
10/28/2016,1.74
10/31/2016,1.76
11/01/2016,1.758
11/02/2016,1.75
11/03/2016,1.75
11/04/2016,1.76
11/07/2016,1.76
11/08/2016,1.748
11/09/2016,1.76
11/10/2016,1.76
11/11/2016,1.76
11/14/2016,1.758
11/15/2016,1.76
11/16/2016,1.76
11/17/2016,1.76
11/18/2016,1.76
11/21/2016,1.75
11/22/2016,1.75
11/23/2016,1.76
11/24/2016,1.758
11/25/2016,1.76
11/28/2016,1.76
11/29/2016,1.76
11/30/2016,1.76
12/01/2016,1.76
12/02/2016,1.77
12/05/2016,1.77
12/06/2016,1.77
12/07/2016,1.77
12/08/2016,1.77
12/09/2016,1.77
12/12/2016,1.77
12/13/2016,1.77
12/14/2016,1.77
12/15/2016,1.773
12/16/2016,1.78
12/19/2016,1.78
12/20/2016,1.783
12/21/2016,1.79
12/22/2016,1.79
12/23/2016,1.79
12/26/2016,1.79
12/27/2016,1.79
12/28/2016,1.81
12/29/2016,1.81
12/30/2016,1.81
01/02/2017,1.81
01/03/2017,1.8
01/04/2017,1.8
01/05/2017,1.79
01/06/2017,1.78
01/09/2017,1.78
01/10/2017,1.78
01/11/2017,1.78
01/12/2017,1.78
01/13/2017,1.78
01/16/2017,1.78
01/17/2017,1.78
01/18/2017,1.78
01/19/2017,1.78
01/20/2017,1.78
01/23/2017,1.78
01/24/2017,1.78
01/25/2017,1.77
01/26/2017,1.77
